Handle,Title,Body (HTML),Vendor,Type,Tags,Published,Option1 Name,Option1 Value,Option2 Name,Option2 Value,Option3 Name,Option3 Value,Variant SKU,Variant Grams,Variant Inventory Tracker,Variant Inventory Qty,Variant Inventory Policy,Variant Fulfillment Service,Variant Price,Variant Compare At Price,Variant Requires Shipping,Variant Taxable,Variant Barcode,Image Src,Image Position,Image Alt Text,Gift Card,SEO Title,SEO Description,Google Shopping / Google Product Category,Google Shopping / Gender,Google Shopping / Age Group,Google Shopping / MPN,Google Shopping / AdWords Grouping,Google Shopping / AdWords Labels,Google Shopping / Condition,Google Shopping / Custom Product,Google Shopping / Custom Label 0,Google Shopping / Custom Label 1,Google Shopping / Custom Label 2,Google Shopping / Custom Label 3,Google Shopping / Custom Label 4,Variant Image,Variant Weight Unit,Variant Tax Code,Cost per item,Status
HT-101,GUNFIGHTER SHARKSKIN®,"<!DOCTYPE html>
<html>
<head>
<style>
table {
  font-family: arial, sans-serif;
  border-collapse: collapse;
  width: 85%;
}

td, th {
  border: 1px solid #dddddd;
  text-align: left;
  padding: 5px;
}

tr:nth-child(even) {
  background-color: #dddddd;
}
</style>
</head>
<body>
<div>
<table>
  <tr>
    <th>SIZE</th>
    <th>身長</th>
    <th>胸囲</th>
  </tr>
  <tr>
    <td>XS</td>
    <td>158-168cm</td>
    <td>80-88cm</td>
  </tr>
    <tr>
    <td>S</td>
    <td>162-172cm</td>
    <td>88-94cm</td>
  </tr>
    <tr>
    <td>M</td>
    <td>166-176cm</td>
    <td>94-100</td>
  </tr>
    <tr>
    <td>L</td>
    <td>170-180cm</td>
    <td>100-106cm</td>
  </tr>
    <tr>
    <td>XL</td>
    <td>174-184cm</td>
    <td>106-114cm</td>
  </tr>
</table>
</div>

<div>
<img src=https://dfr4rssi07fv7.cloudfront.net/htx/images/technology/jpg/urban-line.jpg width=""100"">
<img src=https://dfr4rssi07fv7.cloudfront.net/htx/images/technology/jpg/shark-skin-softshell.jpg width=""100"">
<img src=https://dfr4rssi07fv7.cloudfront.net/htx/images/technology/jpg/4way-elastic.jpg width=""100"">
<img src=https://dfr4rssi07fv7.cloudfront.net/htx/images/technology/jpg/du-pont-teflon.jpg width=""100"">
<img src=https://dfr4rssi07fv7.cloudfront.net/htx/images/technology/jpg/windblocker.jpg width=""100"">
<img src=https://dfr4rssi07fv7.cloudfront.net/htx/images/technology/jpg/ykk.jpg width=""100"">
</div>

<div>
<iframe width=""420"" height=""315"" src=""https://www.youtube.com/embed/kiXl9nnvws4"">
</iframe>

<figure>
  <img src=""https://www.nakatashoten.com/img-item/ht-05-b2.gif"" alt=""GunFighter"" style=""width:100%"">
  <figcaption>フードは襟裏に収納できます。</figcaption>
</figure>

<figure>
  <img src=""https://www.nakatashoten.com/img-item/ht-05-b3.gif"" alt=""GunFighter"" style=""width:100%"">
  <figcaption>フード使用。</figcaption>
</figure>

<img src=""https://www.nakatashoten.com/img-item/ht-05-b9.gif"" height=""200"">
<img src=https://www.nakatashoten.com/img-item/ht-05-b8.gif height=""200"">


</div>

</body>
</html>
",HELIKON-TEX,アウター,"HELIKON-TEX, WEAR, アウター, ジャケット",TRUE,color,BLACK,size,XS,,,HT-101-XS-BK,500,shopify,5,deny,manual,"14,800",,TRUE,FALSE,,https://www.nakatashoten.com/img-item/ht-01-b1.gif,1,GunF alt text,FALSE,ヘリコンテックス,ヘリコンテックス,Apparel & Accessories > Clothing,Unisex,Adult,7X8ABC910,T-shirts,"cotton, pre-shrunk",,FALSE,,,,,,https://www.nakatashoten.com/img-item/ht-01-b1.gif,g,,,active
HT-101,,,,,,,,BLACK,,S,,,HT-101-S-BK,500,shopify,5,deny,manual,"14,800",,TRUE,FALSE,,https://www.nakatashoten.com/img-item/ht-04-b.gif,2,GunF alt text,FALSE,,,,,,,,,,,,,,,,https://www.nakatashoten.com/img-item/ht-01-b1.gif,g,,,
HT-101,,,,,,,,BLACK,,M,,,HT-101-M-BK,500,shopify,5,deny,manual,"14,800",,TRUE,FALSE,,https://www.nakatashoten.com/img-item/ht-11-b.gif,3,GunF alt text,FALSE,,,,,,,,,,,,,,,,https://www.nakatashoten.com/img-item/ht-01-b1.gif,g,,,
HT-101,,,,,,,,BLACK,,L,,,HT-101-L-BK,500,shopify,5,deny,manual,"14,800",,TRUE,FALSE,,https://www.nakatashoten.com/img-item/ht-02-b.gif,4,GunF alt text,FALSE,,,,,,,,,,,,,,,,https://www.nakatashoten.com/img-item/ht-01-b1.gif,g,,,
HT-101,,,,,,,,BLACK,,XL,,,HT-101-XL-BK,500,shopify,5,deny,manual,"14,800",,TRUE,FALSE,,https://www.nakatashoten.com/img-item/ht-05-fg-b.gif,5,GunF alt text,FALSE,,,,,,,,,,,,,,,,https://www.nakatashoten.com/img-item/ht-01-b1.gif,g,,,
HT-101,,,,,,,,COYOTE,,XS,,,HT-101-XS-COY,500,shopify,5,deny,manual,"14,800",,TRUE,FALSE,,https://www.nakatashoten.com/img-item/ht-06-na-b.gif,6,GunF alt text,FALSE,,,,,,,,,,,,,,,,https://www.nakatashoten.com/img-item/ht-04-b.gif,g,,,
HT-101,,,,,,,,COYOTE,,S,,,HT-101-S-COY,500,shopify,5,deny,manual,"14,800",,TRUE,FALSE,,https://www.nakatashoten.com/img-item/ht-05-b2.gif,7,GunF alt text,FALSE,,,,,,,,,,,,,,,,https://www.nakatashoten.com/img-item/ht-04-b.gif,g,,,
HT-101,,,,,,,,COYOTE,,M,,,HT-101-M-COY,500,shopify,5,deny,manual,"14,800",,TRUE,FALSE,,https://www.nakatashoten.com/img-item/ht-05-b3.gif,8,GunF alt text,FALSE,,,,,,,,,,,,,,,,https://www.nakatashoten.com/img-item/ht-04-b.gif,g,,,
HT-101,,,,,,,,COYOTE,,L,,,HT-101-L-COY,500,shopify,5,deny,manual,"14,800",,TRUE,FALSE,,https://www.nakatashoten.com/img-item/ht-05-b4.gif,9,GunF alt text,FALSE,,,,,,,,,,,,,,,,https://www.nakatashoten.com/img-item/ht-04-b.gif,g,,,
HT-101,,,,,,,,COYOTE,,XL,,,HT-101-XL-COY,500,shopify,5,deny,manual,"14,800",,TRUE,FALSE,,https://www.nakatashoten.com/img-item/ht-05-b5.gif,10,GunF alt text,FALSE,,,,,,,,,,,,,,,,https://www.nakatashoten.com/img-item/ht-04-b.gif,g,,,
HT-101,,,,,,,,SHADOW GRAY,,XS,,,HT-101-XS-SHA,500,shopify,5,deny,manual,"14,800",,TRUE,FALSE,,https://www.nakatashoten.com/img-item/ht-05-b6.gif,11,GunF alt text,FALSE,,,,,,,,,,,,,,,,https://www.nakatashoten.com/img-item/ht-11-b.gif,g,,,
HT-101,,,,,,,,SHADOW GRAY,,S,,,HT-101-S-SHA,500,shopify,5,deny,manual,"14,800",,TRUE,FALSE,,https://www.nakatashoten.com/img-item/ht-05-b7.gif,12,GunF alt text,FALSE,,,,,,,,,,,,,,,,https://www.nakatashoten.com/img-item/ht-11-b.gif,g,,,
HT-101,,,,,,,,SHADOW GRAY,,M,,,HT-101-M-SHA,500,shopify,5,deny,manual,"14,800",,TRUE,FALSE,,https://www.nakatashoten.com/img-item/ht-05-b8.gif,13,GunF alt text,FALSE,,,,,,,,,,,,,,,,https://www.nakatashoten.com/img-item/ht-11-b.gif,g,,,
HT-101,,,,,,,,SHADOW GRAY,,L,,,HT-101-L-SHA,500,shopify,5,deny,manual,"14,800",,TRUE,FALSE,,https://www.nakatashoten.com/img-item/ht-05-b9.gif,14,GunF alt text,FALSE,,,,,,,,,,,,,,,,https://www.nakatashoten.com/img-item/ht-11-b.gif,g,,,
HT-101,,,,,,,,SHADOW GRAY,,XL,,,HT-101-XL-SHA,500,shopify,5,deny,manual,"14,800",,TRUE,FALSE,,,,,FALSE,,,,,,,,,,,,,,,,https://www.nakatashoten.com/img-item/ht-11-b.gif,g,,,
HT-101,,,,,,,,OLIVE GREEN,,XS,,,HT-101-XS-OG,500,shopify,5,deny,manual,"14,800",,TRUE,FALSE,,,,,FALSE,,,,,,,,,,,,,,,,https://www.nakatashoten.com/img-item/ht-02-b.gif,g,,,
HT-101,,,,,,,,OLIVE GREEN,,S,,,HT-101-S-OG,500,shopify,5,deny,manual,"14,800",,TRUE,FALSE,,,,,FALSE,,,,,,,,,,,,,,,,https://www.nakatashoten.com/img-item/ht-02-b.gif,g,,,
HT-101,,,,,,,,OLIVE GREEN,,M,,,HT-101-M-OG,500,shopify,5,deny,manual,"14,800",,TRUE,FALSE,,,,,FALSE,,,,,,,,,,,,,,,,https://www.nakatashoten.com/img-item/ht-02-b.gif,g,,,
HT-101,,,,,,,,OLIVE GREEN,,L,,,HT-101-L-OG,500,shopify,5,deny,manual,"14,800",,TRUE,FALSE,,,,,FALSE,,,,,,,,,,,,,,,,https://www.nakatashoten.com/img-item/ht-02-b.gif,g,,,
HT-101,,,,,,,,OLIVE GREEN,,XL,,,HT-101-XL-OG,500,shopify,5,deny,manual,"14,800",,TRUE,FALSE,,,,,FALSE,,,,,,,,,,,,,,,,https://www.nakatashoten.com/img-item/ht-02-b.gif,g,,,
HT-101,,,,,,,,FOLIAGE GREEN,,XS,,,HT-101-XS-FG,500,shopify,5,deny,manual,"14,800",,TRUE,FALSE,,,,,FALSE,,,,,,,,,,,,,,,,https://www.nakatashoten.com/img-item/ht-05-fg-b.gif,g,,,
HT-101,,,,,,,,FOLIAGE GREEN,,S,,,HT-101-S-FG,500,shopify,5,deny,manual,"14,800",,TRUE,FALSE,,,,,FALSE,,,,,,,,,,,,,,,,https://www.nakatashoten.com/img-item/ht-05-fg-b.gif,g,,,
HT-101,,,,,,,,FOLIAGE GREEN,,M,,,HT-101-M-FG,500,shopify,5,deny,manual,"14,800",,TRUE,FALSE,,,,,FALSE,,,,,,,,,,,,,,,,https://www.nakatashoten.com/img-item/ht-05-fg-b.gif,g,,,
HT-101,,,,,,,,FOLIAGE GREEN,,L,,,HT-101-L-FG,500,shopify,5,deny,manual,"14,800",,TRUE,FALSE,,,,,FALSE,,,,,,,,,,,,,,,,https://www.nakatashoten.com/img-item/ht-05-fg-b.gif,g,,,
HT-101,,,,,,,,FOLIAGE GREEN,,XL,,,HT-101-XL-FG,500,shopify,5,deny,manual,"14,800",,TRUE,FALSE,,,,,FALSE,,,,,,,,,,,,,,,,https://www.nakatashoten.com/img-item/ht-05-fg-b.gif,g,,,
HT-101,,,,,,,,NAVY,,XS,,,HT-101-XS-NV,500,shopify,5,deny,manual,"14,800",,TRUE,FALSE,,,,,FALSE,,,,,,,,,,,,,,,,https://www.nakatashoten.com/img-item/ht-06-na-b.gif,g,,,
HT-101,,,,,,,,NAVY,,S,,,HT-101-S-NV,500,shopify,5,deny,manual,"14,800",,TRUE,FALSE,,,,,FALSE,,,,,,,,,,,,,,,,https://www.nakatashoten.com/img-item/ht-06-na-b.gif,g,,,
HT-101,,,,,,,,NAVY,,M,,,HT-101-M-NV,500,shopify,5,deny,manual,"14,800",,TRUE,FALSE,,,,,FALSE,,,,,,,,,,,,,,,,https://www.nakatashoten.com/img-item/ht-06-na-b.gif,g,,,
HT-101,,,,,,,,NAVY,,L,,,HT-101-L-NV,500,shopify,5,deny,manual,"14,800",,TRUE,FALSE,,,,,FALSE,,,,,,,,,,,,,,,,https://www.nakatashoten.com/img-item/ht-06-na-b.gif,g,,,
HT-101,,,,,,,,NAVY,,XL,,,HT-101-XL-NV,500,shopify,5,deny,manual,"14,800",,TRUE,FALSE,,,,,FALSE,,,,,,,,,,,,,,,,https://www.nakatashoten.com/img-item/ht-06-na-b.gif,g,,,
HT-102,TROOPER SOFTSHELL®,"<!DOCTYPE html>
<html>
<head>
<style>
table {
  font-family: arial, sans-serif;
  border-collapse: collapse;
  width: 85%;
}

td, th {
  border: 1px solid #dddddd;
  text-align: left;
  padding: 5px;
}

tr:nth-child(even) {
  background-color: #dddddd;
}
</style>
</head>
<body>
<div>
<table>
  <tr>
    <th>SIZE</th>
    <th>身長</th>
    <th>胸囲</th>
  </tr>
  <tr>
    <td>XS</td>
    <td>158-168cm</td>
    <td>80-88cm</td>
  </tr>
    <tr>
    <td>S</td>
    <td>162-172cm</td>
    <td>88-94cm</td>
  </tr>
    <tr>
    <td>M</td>
    <td>166-176cm</td>
    <td>94-100</td>
  </tr>
    <tr>
    <td>L</td>
    <td>170-180cm</td>
    <td>100-106cm</td>
  </tr>
    <tr>
    <td>XL</td>
    <td>174-184cm</td>
    <td>106-114cm</td>
  </tr>
</table>
</div>

<div>
<img src=https://dfr4rssi07fv7.cloudfront.net/htx/images/technology/jpg/urban-line.jpg width=""100"">
<img src=https://dfr4rssi07fv7.cloudfront.net/htx/images/technology/jpg/stormstretch.jpg width=""100"">
<img src=https://dfr4rssi07fv7.cloudfront.net/htx/images/technology/jpg/2way-elastic.jpg width=""100"">
<img src=https://dfr4rssi07fv7.cloudfront.net/htx/images/technology/jpg/du-pont-teflon.jpg width=""100"">
<img src=https://dfr4rssi07fv7.cloudfront.net/htx/images/technology/jpg/nylon.jpg width=""100"">
<img src=https://dfr4rssi07fv7.cloudfront.net/htx/images/technology/jpg/ykk.jpg width=""100"">
</div>

<div>
<iframe width=""420"" height=""315"" src=""https://www.youtube.com/embed/GUKZPFTOo6Y"">
</iframe>

<figure>
  <img src=""https://www.nakatashoten.com/img-item/ht-56-b2.gif"" alt=""Trooper"" style=""width:100%"">
  <figcaption>フロント２WAYジッパー。</figcaption>
</figure>

<figure>
<img src=""https://www.nakatashoten.com/img-item/ht-56-b6.gif"" alt=""Trooper"" style=""width:100%"">
  <img src=""https://www.nakatashoten.com/img-item/ht-56-b3.gif"" alt=""Trooper"" style=""width:100%"">
  <figcaption>収納化フード。</figcaption>
</figure>

<figure>
<img src=""https://www.nakatashoten.com/img-item/ht-56-b4.gif"" alt=""Trooper"" style=""width:100%"">
  <figcaption>ベンティレーション。</figcaption>
</figure>

<figure>
  <img src=""https://www.nakatashoten.com/img-item/ht-56-b7.gif"" alt=""Trooper"" style=""width:100%"">
  <img src=""https://www.nakatashoten.com/img-item/ht-56-b8.gif"" alt=""Trooper"" style=""width:100%"">
  <figcaption>7x ポケット。</figcaption>
</figure>

  <figure>
  <img src=""https://www.nakatashoten.com/img-item/ht-56-b9.gif"" alt=""Trooper"" style=""width:100%"">
  <img src=""https://www.nakatashoten.com/img-item/ht-56-b5.gif"" alt=""Trooper"" style=""width:100%"">
  <figcaption>7x ポケット。</figcaption>
</figure>
  


  
  




<figure>
  <img src=""https://www.nakatashoten.com/img-item/ht-51-b2.gif"" alt=""Trooper"" style=""width:100%"">
  <figcaption>スタイル。</figcaption>
</figure>

<img src=""https://www.nakatashoten.com/img-item/ht-51-b4.gif"" height=""200"">
<img src=""https://dfr4rssi07fv7.cloudfront.net/htx/images/collages/KU-TRP-NL/KU-TRP-NL-k02.jpg"" height=""200"">
<img src=""https://www.nakatashoten.com/img-item/ht-51-b3.gif"" height=""200"">
<img src=""https://www.nakatashoten.com/img-item/ht-51-b7.gif"" height=""200"">
<img src=""https://www.nakatashoten.com/img-item/ht-51-b5.gif"" height=""200"">



</div>

</body>
</html>
",HELIKON-TEX,アウター,"HELIKON-TEX, WEAR, アウター, ジャケット",TRUE,color,BLACK,size,XS,,,HT-102-XS-BK,500,shopify,5,deny,manual,"12,800",,TRUE,FALSE,,https://www.nakatashoten.com/img-item/ht-51-b1.gif,1,,FALSE,ヘリコンテックス,ヘリコンテックス,Apparel & Accessories > Clothing,Unisex,Adult,7X8ABC910,T-shirts,"cotton, pre-shrunk",,FALSE,,,,,,https://www.nakatashoten.com/img-item/ht-51-b1.gif,g,,,active
HT-102,,,,,,,,BLACK,,S,,,HT-102-S-BK,500,shopify,5,deny,manual,"12,800",,TRUE,FALSE,,https://www.nakatashoten.com/img-item/ht-56-b.gif,2,,FALSE,,,,,,,,,,,,,,,,https://www.nakatashoten.com/img-item/ht-51-b1.gif,g,,,
HT-102,,,,,,,,BLACK,,M,,,HT-102-M-BK,500,shopify,5,deny,manual,"12,800",,TRUE,FALSE,,https://www.helikon-tex.com/media/catalog/product/cache/4/image/9df78eab33525d08d6e5fb8d27136e95/k/u/ku-trp-nl-35_1.jpg,3,,FALSE,,,,,,,,,,,,,,,,https://www.nakatashoten.com/img-item/ht-51-b1.gif,g,,,
HT-102,,,,,,,,BLACK,,L,,,HT-102-L-BK,500,shopify,5,deny,manual,"12,800",,TRUE,FALSE,,https://www.nakatashoten.com/img-item/ht-54-b.gif,4,,FALSE,,,,,,,,,,,,,,,,https://www.nakatashoten.com/img-item/ht-51-b1.gif,g,,,
HT-102,,,,,,,,BLACK,,XL,,,HT-102-XL-BK,500,shopify,5,deny,manual,"12,800",,TRUE,FALSE,,https://www.nakatashoten.com/img-item/ht-52-b.gif,5,,FALSE,,,,,,,,,,,,,,,,https://www.nakatashoten.com/img-item/ht-51-b1.gif,g,,,
HT-102,,,,,,,,MUD BROWN,,XS,,,HT-102-XS-MB,500,shopify,5,deny,manual,"12,800",,TRUE,FALSE,,https://www.nakatashoten.com/img-item/ht-50-b.gif,6,,FALSE,,,,,,,,,,,,,,,,https://www.nakatashoten.com/img-item/ht-56-b.gif,g,,,
HT-102,,,,,,,,MUD BROWN,,S,,,HT-102-S-MB,500,shopify,5,deny,manual,"12,800",,TRUE,FALSE,,,,,FALSE,,,,,,,,,,,,,,,,https://www.nakatashoten.com/img-item/ht-56-b.gif,g,,,
HT-102,,,,,,,,MUD BROWN,,M,,,HT-102-M-MB,500,shopify,5,deny,manual,"12,800",,TRUE,FALSE,,,,,FALSE,,,,,,,,,,,,,,,,https://www.nakatashoten.com/img-item/ht-56-b.gif,g,,,
HT-102,,,,,,,,MUD BROWN,,L,,,HT-102-L-MB,500,shopify,5,deny,manual,"12,800",,TRUE,FALSE,,,,,FALSE,,,,,,,,,,,,,,,,https://www.nakatashoten.com/img-item/ht-56-b.gif,g,,,
HT-102,,,,,,,,MUD BROWN,,XL,,,HT-102-XL-MB,500,shopify,5,deny,manual,"12,800",,TRUE,FALSE,,,,,FALSE,,,,,,,,,,,,,,,,https://www.nakatashoten.com/img-item/ht-56-b.gif,g,,,
HT-102,,,,,,,,SHADOW GRAY,,XS,,,HT-102-XS-SHA,500,shopify,5,deny,manual,"12,800",,TRUE,FALSE,,,,,FALSE,,,,,,,,,,,,,,,,https://www.helikon-tex.com/media/catalog/product/cache/4/image/9df78eab33525d08d6e5fb8d27136e95/k/u/ku-trp-nl-35_1.jpg,g,,,
HT-102,,,,,,,,SHADOW GRAY,,S,,,HT-102-S-SHA,500,shopify,5,deny,manual,"12,800",,TRUE,FALSE,,,,,FALSE,,,,,,,,,,,,,,,,https://www.helikon-tex.com/media/catalog/product/cache/4/image/9df78eab33525d08d6e5fb8d27136e95/k/u/ku-trp-nl-35_1.jpg,g,,,
HT-102,,,,,,,,SHADOW GRAY,,M,,,HT-102-M-SHA,500,shopify,5,deny,manual,"12,800",,TRUE,FALSE,,,,,FALSE,,,,,,,,,,,,,,,,https://www.helikon-tex.com/media/catalog/product/cache/4/image/9df78eab33525d08d6e5fb8d27136e95/k/u/ku-trp-nl-35_1.jpg,g,,,
HT-102,,,,,,,,SHADOW GRAY,,L,,,HT-102-L-SHA,500,shopify,5,deny,manual,"12,800",,TRUE,FALSE,,,,,FALSE,,,,,,,,,,,,,,,,https://www.helikon-tex.com/media/catalog/product/cache/4/image/9df78eab33525d08d6e5fb8d27136e95/k/u/ku-trp-nl-35_1.jpg,g,,,
HT-102,,,,,,,,SHADOW GRAY,,XL,,,HT-102-XL-SHA,500,shopify,5,deny,manual,"12,800",,TRUE,FALSE,,,,,FALSE,,,,,,,,,,,,,,,,https://www.helikon-tex.com/media/catalog/product/cache/4/image/9df78eab33525d08d6e5fb8d27136e95/k/u/ku-trp-nl-35_1.jpg,g,,,
HT-102,,,,,,,,OLIVE GREEN,,XS,,,HT-102-XS-OG,500,shopify,5,deny,manual,"12,800",,TRUE,FALSE,,,,,FALSE,,,,,,,,,,,,,,,,https://www.nakatashoten.com/img-item/ht-54-b.gif,g,,,
HT-102,,,,,,,,OLIVE GREEN,,S,,,HT-102-S-OG,500,shopify,5,deny,manual,"12,800",,TRUE,FALSE,,,,,FALSE,,,,,,,,,,,,,,,,https://www.nakatashoten.com/img-item/ht-54-b.gif,g,,,
HT-102,,,,,,,,OLIVE GREEN,,M,,,HT-102-M-OG,500,shopify,5,deny,manual,"12,800",,TRUE,FALSE,,,,,FALSE,,,,,,,,,,,,,,,,https://www.nakatashoten.com/img-item/ht-54-b.gif,g,,,
HT-102,,,,,,,,OLIVE GREEN,,L,,,HT-102-L-OG,500,shopify,5,deny,manual,"12,800",,TRUE,FALSE,,,,,FALSE,,,,,,,,,,,,,,,,https://www.nakatashoten.com/img-item/ht-54-b.gif,g,,,
HT-102,,,,,,,,OLIVE GREEN,,XL,,,HT-102-XL-OG,500,shopify,5,deny,manual,"12,800",,TRUE,FALSE,,,,,FALSE,,,,,,,,,,,,,,,,https://www.nakatashoten.com/img-item/ht-54-b.gif,g,,,
HT-102,,,,,,,,FOLIAGE GREEN,,XS,,,HT-102-XS-FG,500,shopify,5,deny,manual,"12,800",,TRUE,FALSE,,,,,FALSE,,,,,,,,,,,,,,,,https://www.nakatashoten.com/img-item/ht-52-b.gif,g,,,
HT-102,,,,,,,,FOLIAGE GREEN,,S,,,HT-102-S-FG,500,shopify,5,deny,manual,"12,800",,TRUE,FALSE,,,,,FALSE,,,,,,,,,,,,,,,,https://www.nakatashoten.com/img-item/ht-52-b.gif,g,,,
HT-102,,,,,,,,FOLIAGE GREEN,,M,,,HT-102-M-FG,500,shopify,5,deny,manual,"12,800",,TRUE,FALSE,,,,,FALSE,,,,,,,,,,,,,,,,https://www.nakatashoten.com/img-item/ht-52-b.gif,g,,,
HT-102,,,,,,,,FOLIAGE GREEN,,L,,,HT-102-L-FG,500,shopify,5,deny,manual,"12,800",,TRUE,FALSE,,,,,FALSE,,,,,,,,,,,,,,,,https://www.nakatashoten.com/img-item/ht-52-b.gif,g,,,
HT-102,,,,,,,,FOLIAGE GREEN,,XL,,,HT-102-XL-FG,500,shopify,5,deny,manual,"12,800",,TRUE,FALSE,,,,,FALSE,,,,,,,,,,,,,,,,https://www.nakatashoten.com/img-item/ht-52-b.gif,g,,,
HT-102,,,,,,,,NAVY,,XS,,,HT-102-XS-NV,500,shopify,5,deny,manual,"12,800",,TRUE,FALSE,,,,,FALSE,,,,,,,,,,,,,,,,https://www.nakatashoten.com/img-item/ht-50-b.gif,g,,,
HT-102,,,,,,,,NAVY,,S,,,HT-102-S-NV,500,shopify,5,deny,manual,"12,800",,TRUE,FALSE,,,,,FALSE,,,,,,,,,,,,,,,,https://www.nakatashoten.com/img-item/ht-50-b.gif,g,,,
HT-102,,,,,,,,NAVY,,M,,,HT-102-M-NV,500,shopify,5,deny,manual,"12,800",,TRUE,FALSE,,,,,FALSE,,,,,,,,,,,,,,,,https://www.nakatashoten.com/img-item/ht-50-b.gif,g,,,
HT-102,,,,,,,,NAVY,,L,,,HT-102-L-NV,500,shopify,5,deny,manual,"12,800",,TRUE,FALSE,,,,,FALSE,,,,,,,,,,,,,,,,https://www.nakatashoten.com/img-item/ht-50-b.gif,g,,,
HT-102,,,,,,,,NAVY,,XL,,,HT-102-XL-NV,500,shopify,5,deny,manual,"12,800",,TRUE,FALSE,,,,,FALSE,,,,,,,,,,,,,,,,https://www.nakatashoten.com/img-item/ht-50-b.gif,g,,,
HT-103,WOLFHOUND ClimaShield® APEX 67g,"<!DOCTYPE html>
<html>
<head>
<style>
table {
  font-family: arial, sans-serif;
  border-collapse: collapse;
  width: 85%;
}

td, th {
  border: 1px solid #dddddd;
  text-align: left;
  padding: 5px;
}

tr:nth-child(even) {
  background-color: #dddddd;
}
</style>
</head>
<body>
<div>
<table>
  <tr>
    <th>SIZE</th>
    <th>身長</th>
    <th>胸囲</th>
  </tr>
  <tr>
    <td>XS</td>
    <td>158-168cm</td>
    <td>80-88cm</td>
  </tr>
    <tr>
    <td>S</td>
    <td>162-172cm</td>
    <td>88-94cm</td>
  </tr>
    <tr>
    <td>M</td>
    <td>166-176cm</td>
    <td>94-100</td>
  </tr>
    <tr>
    <td>L</td>
    <td>170-180cm</td>
    <td>100-106cm</td>
  </tr>
    <tr>
    <td>XL</td>
    <td>174-184cm</td>
    <td>106-114cm</td>
  </tr>
</table>
</div>

<div>
<img src=https://dfr4rssi07fv7.cloudfront.net/htx/images/technology/jpg/urban-line.jpg width=""100"">
<img src=https://dfr4rssi07fv7.cloudfront.net/htx/images/technology/jpg/shark-skin-softshell.jpg width=""100"">
<img src=https://dfr4rssi07fv7.cloudfront.net/htx/images/technology/jpg/4way-elastic.jpg width=""100"">
<img src=https://dfr4rssi07fv7.cloudfront.net/htx/images/technology/jpg/du-pont-teflon.jpg width=""100"">
<img src=https://dfr4rssi07fv7.cloudfront.net/htx/images/technology/jpg/windblocker.jpg width=""100"">
<img src=https://dfr4rssi07fv7.cloudfront.net/htx/images/technology/jpg/ykk.jpg width=""100"">
</div>

<div>
<iframe width=""420"" height=""315"" src=""https://www.youtube.com/embed/kiXl9nnvws4"">
</iframe>

<figure>
  <img src=""https://www.nakatashoten.com/img-item/ht-05-b2.gif"" alt=""GunFighter"" style=""width:100%"">
  <figcaption>フードは襟裏に収納できます。</figcaption>
</figure>

<figure>
  <img src=""https://www.nakatashoten.com/img-item/ht-05-b3.gif"" alt=""GunFighter"" style=""width:100%"">
  <figcaption>フード使用。</figcaption>
</figure>

<img src=""https://www.nakatashoten.com/img-item/ht-05-b9.gif"" height=""200"">
<img src=https://www.nakatashoten.com/img-item/ht-05-b8.gif height=""200"">


</div>

</body>
</html>
",HELIKON-TEX,アウター,"HELIKON-TEX, WEAR, アウター, ジャケット",TRUE,color,BLACK,size,S,,,HT-103-S-BK,500,shopify,5,deny,manual,"14,800",,TRUE,FALSE,,https://www.nakatashoten.com/img-item/ht-01-b1.gif,1,GunF alt text,FALSE,ヘリコンテックス,ヘリコンテックス,Apparel & Accessories > Clothing,Unisex,Adult,7X8ABC910,T-shirts,"cotton, pre-shrunk",,FALSE,,,,,,https://www.nakatashoten.com/img-item/ht-01-b1.gif,g,,,active
HT-103,,,,,,,,BLACK,,M,,,HT-103-M-BK,500,shopify,5,deny,manual,"14,800",,TRUE,FALSE,,https://www.nakatashoten.com/img-item/ht-04-b.gif,2,GunF alt text,FALSE,,,,,,,,,,,,,,,,https://www.nakatashoten.com/img-item/ht-01-b1.gif,g,,,
HT-103,,,,,,,,BLACK,,L,,,HT-103-L-BK,500,shopify,5,deny,manual,"14,800",,TRUE,FALSE,,https://www.nakatashoten.com/img-item/ht-11-b.gif,3,GunF alt text,FALSE,,,,,,,,,,,,,,,,https://www.nakatashoten.com/img-item/ht-01-b1.gif,g,,,
HT-103,,,,,,,,BLACK,,XL,,,HT-103-XL-BK,500,shopify,5,deny,manual,"14,800",,TRUE,FALSE,,https://www.nakatashoten.com/img-item/ht-02-b.gif,4,GunF alt text,FALSE,,,,,,,,,,,,,,,,https://www.nakatashoten.com/img-item/ht-01-b1.gif,g,,,
HT-103,,,,,,,,ALPHA GREEN,,S,,,HT-103-S-AG,500,shopify,5,deny,manual,"14,800",,TRUE,FALSE,,https://www.nakatashoten.com/img-item/ht-05-fg-b.gif,5,GunF alt text,FALSE,,,,,,,,,,,,,,,,https://www.nakatashoten.com/img-item/ht-01-b1.gif,g,,,
HT-103,,,,,,,,ALPHA GREEN,,M,,,HT-103-M-AG,500,shopify,5,deny,manual,"14,800",,TRUE,FALSE,,https://www.nakatashoten.com/img-item/ht-06-na-b.gif,6,GunF alt text,FALSE,,,,,,,,,,,,,,,,https://www.nakatashoten.com/img-item/ht-04-b.gif,g,,,
HT-103,,,,,,,,ALPHA GREEN,,L,,,HT-103-L-AG,500,shopify,5,deny,manual,"14,800",,TRUE,FALSE,,https://www.nakatashoten.com/img-item/ht-05-b2.gif,7,GunF alt text,FALSE,,,,,,,,,,,,,,,,https://www.nakatashoten.com/img-item/ht-04-b.gif,g,,,
HT-103,,,,,,,,ALPHA GREEN,,XL,,,HT-103-XL-AG,500,shopify,5,deny,manual,"14,800",,TRUE,FALSE,,https://www.nakatashoten.com/img-item/ht-05-b3.gif,8,GunF alt text,FALSE,,,,,,,,,,,,,,,,https://www.nakatashoten.com/img-item/ht-04-b.gif,g,,,
HT-103,,,,,,,,SHADOW GRAY,,S,,,HT-103-S-SHA,500,shopify,5,deny,manual,"14,800",,TRUE,FALSE,,https://www.nakatashoten.com/img-item/ht-05-b4.gif,9,GunF alt text,FALSE,,,,,,,,,,,,,,,,https://www.nakatashoten.com/img-item/ht-04-b.gif,g,,,
HT-103,,,,,,,,SHADOW GRAY,,M,,,HT-103-M-SHA,500,shopify,5,deny,manual,"14,800",,TRUE,FALSE,,https://www.nakatashoten.com/img-item/ht-05-b5.gif,10,GunF alt text,FALSE,,,,,,,,,,,,,,,,https://www.nakatashoten.com/img-item/ht-04-b.gif,g,,,
HT-103,,,,,,,,SHADOW GRAY,,L,,,HT-103-L-SHA,500,shopify,5,deny,manual,"14,800",,TRUE,FALSE,,https://www.nakatashoten.com/img-item/ht-05-b6.gif,11,GunF alt text,FALSE,,,,,,,,,,,,,,,,https://www.nakatashoten.com/img-item/ht-11-b.gif,g,,,
HT-103,,,,,,,,SHADOW GRAY,,XL,,,HT-103-XL-SHA,500,shopify,5,deny,manual,"14,800",,TRUE,FALSE,,https://www.nakatashoten.com/img-item/ht-05-b7.gif,12,GunF alt text,FALSE,,,,,,,,,,,,,,,,https://www.nakatashoten.com/img-item/ht-11-b.gif,g,,,
HT-103,,,,,,,,TAIGA GREEN,,S,,,HT-103-S-TG,500,shopify,5,deny,manual,"14,800",,TRUE,FALSE,,https://www.nakatashoten.com/img-item/ht-05-b8.gif,13,GunF alt text,FALSE,,,,,,,,,,,,,,,,https://www.nakatashoten.com/img-item/ht-11-b.gif,g,,,
HT-103,,,,,,,,TAIGA GREEN,,M,,,HT-103-M-TG,500,shopify,5,deny,manual,"14,800",,TRUE,FALSE,,https://www.nakatashoten.com/img-item/ht-05-b9.gif,14,GunF alt text,FALSE,,,,,,,,,,,,,,,,https://www.nakatashoten.com/img-item/ht-11-b.gif,g,,,
HT-103,,,,,,,,TAIGA GREEN,,L,,,HT-103-L-TG,500,shopify,5,deny,manual,"14,800",,TRUE,FALSE,,,,,FALSE,,,,,,,,,,,,,,,,https://www.nakatashoten.com/img-item/ht-11-b.gif,g,,,
HT-103,,,,,,,,TAIGA GREEN,,XL,,,HT-103-XL-TG,500,shopify,5,deny,manual,"14,800",,TRUE,FALSE,,,,,FALSE,,,,,,,,,,,,,,,,https://www.nakatashoten.com/img-item/ht-02-b.gif,g,,,
HT-104,WOLFHOUND HOODIE ClimaShield® APEX 67g,"<!DOCTYPE html>
<html>
<head>
<style>
table {
  font-family: arial, sans-serif;
  border-collapse: collapse;
  width: 85%;
}

td, th {
  border: 1px solid #dddddd;
  text-align: left;
  padding: 5px;
}

tr:nth-child(even) {
  background-color: #dddddd;
}
</style>
</head>
<body>
<div>
<table>
  <tr>
    <th>SIZE</th>
    <th>身長</th>
    <th>胸囲</th>
  </tr>
  <tr>
    <td>XS</td>
    <td>158-168cm</td>
    <td>80-88cm</td>
  </tr>
    <tr>
    <td>S</td>
    <td>162-172cm</td>
    <td>88-94cm</td>
  </tr>
    <tr>
    <td>M</td>
    <td>166-176cm</td>
    <td>94-100</td>
  </tr>
    <tr>
    <td>L</td>
    <td>170-180cm</td>
    <td>100-106cm</td>
  </tr>
    <tr>
    <td>XL</td>
    <td>174-184cm</td>
    <td>106-114cm</td>
  </tr>
</table>
</div>

<div>
<img src=https://dfr4rssi07fv7.cloudfront.net/htx/images/technology/jpg/urban-line.jpg width=""100"">
<img src=https://dfr4rssi07fv7.cloudfront.net/htx/images/technology/jpg/shark-skin-softshell.jpg width=""100"">
<img src=https://dfr4rssi07fv7.cloudfront.net/htx/images/technology/jpg/4way-elastic.jpg width=""100"">
<img src=https://dfr4rssi07fv7.cloudfront.net/htx/images/technology/jpg/du-pont-teflon.jpg width=""100"">
<img src=https://dfr4rssi07fv7.cloudfront.net/htx/images/technology/jpg/windblocker.jpg width=""100"">
<img src=https://dfr4rssi07fv7.cloudfront.net/htx/images/technology/jpg/ykk.jpg width=""100"">
</div>

<div>
<iframe width=""420"" height=""315"" src=""https://www.youtube.com/embed/kiXl9nnvws4"">
</iframe>

<figure>
  <img src=""https://www.nakatashoten.com/img-item/ht-05-b2.gif"" alt=""GunFighter"" style=""width:100%"">
  <figcaption>フードは襟裏に収納できます。</figcaption>
</figure>

<figure>
  <img src=""https://www.nakatashoten.com/img-item/ht-05-b3.gif"" alt=""GunFighter"" style=""width:100%"">
  <figcaption>フード使用。</figcaption>
</figure>

<img src=""https://www.nakatashoten.com/img-item/ht-05-b9.gif"" height=""200"">
<img src=https://www.nakatashoten.com/img-item/ht-05-b8.gif height=""200"">


</div>

</body>
</html>
",HELIKON-TEX,アウター,"HELIKON-TEX, WEAR, アウター, ジャケット",TRUE,color,BLACK,size,S,,,HT-104-S-BK,500,shopify,5,deny,manual,"14,800",,TRUE,FALSE,,https://www.nakatashoten.com/img-item/ht-01-b1.gif,1,GunF alt text,FALSE,ヘリコンテックス,ヘリコンテックス,Apparel & Accessories > Clothing,Unisex,Adult,7X8ABC910,T-shirts,"cotton, pre-shrunk",,FALSE,,,,,,https://www.nakatashoten.com/img-item/ht-01-b1.gif,g,,,active
HT-104,,,,,,,,BLACK,,M,,,HT-104-M-BK,500,shopify,5,deny,manual,"14,800",,TRUE,FALSE,,https://www.nakatashoten.com/img-item/ht-04-b.gif,2,GunF alt text,FALSE,,,,,,,,,,,,,,,,https://www.nakatashoten.com/img-item/ht-01-b1.gif,g,,,
HT-104,,,,,,,,BLACK,,L,,,HT-104-L-BK,500,shopify,5,deny,manual,"14,800",,TRUE,FALSE,,https://www.nakatashoten.com/img-item/ht-11-b.gif,3,GunF alt text,FALSE,,,,,,,,,,,,,,,,https://www.nakatashoten.com/img-item/ht-01-b1.gif,g,,,
HT-104,,,,,,,,BLACK,,XL,,,HT-104-XL-BK,500,shopify,5,deny,manual,"14,800",,TRUE,FALSE,,https://www.nakatashoten.com/img-item/ht-02-b.gif,4,GunF alt text,FALSE,,,,,,,,,,,,,,,,https://www.nakatashoten.com/img-item/ht-01-b1.gif,g,,,
HT-104,,,,,,,,COYOTE BROWN,,S,,,HT-104-S-COY,500,shopify,5,deny,manual,"14,800",,TRUE,FALSE,,https://www.nakatashoten.com/img-item/ht-05-fg-b.gif,5,GunF alt text,FALSE,,,,,,,,,,,,,,,,https://www.nakatashoten.com/img-item/ht-01-b1.gif,g,,,
HT-104,,,,,,,,COYOTE BROWN,,M,,,HT-104-M-COY,500,shopify,5,deny,manual,"14,800",,TRUE,FALSE,,https://www.nakatashoten.com/img-item/ht-06-na-b.gif,6,GunF alt text,FALSE,,,,,,,,,,,,,,,,https://www.nakatashoten.com/img-item/ht-04-b.gif,g,,,
HT-104,,,,,,,,COYOTE BROWN,,L,,,HT-104-L-COY,500,shopify,5,deny,manual,"14,800",,TRUE,FALSE,,https://www.nakatashoten.com/img-item/ht-05-b2.gif,7,GunF alt text,FALSE,,,,,,,,,,,,,,,,https://www.nakatashoten.com/img-item/ht-04-b.gif,g,,,
HT-104,,,,,,,,COYOTE BROWN,,XL,,,HT-104-XL-COY,500,shopify,5,deny,manual,"14,800",,TRUE,FALSE,,https://www.nakatashoten.com/img-item/ht-05-b3.gif,8,GunF alt text,FALSE,,,,,,,,,,,,,,,,https://www.nakatashoten.com/img-item/ht-04-b.gif,g,,,
HT-104,,,,,,,,SHADOW GRAY,,S,,,HT-104-S-SHA,500,shopify,5,deny,manual,"14,800",,TRUE,FALSE,,https://www.nakatashoten.com/img-item/ht-05-b4.gif,9,GunF alt text,FALSE,,,,,,,,,,,,,,,,https://www.nakatashoten.com/img-item/ht-04-b.gif,g,,,
HT-104,,,,,,,,SHADOW GRAY,,M,,,HT-104-M-SHA,500,shopify,5,deny,manual,"14,800",,TRUE,FALSE,,https://www.nakatashoten.com/img-item/ht-05-b5.gif,10,GunF alt text,FALSE,,,,,,,,,,,,,,,,https://www.nakatashoten.com/img-item/ht-04-b.gif,g,,,
HT-104,,,,,,,,SHADOW GRAY,,L,,,HT-104-L-SHA,500,shopify,5,deny,manual,"14,800",,TRUE,FALSE,,https://www.nakatashoten.com/img-item/ht-05-b6.gif,11,GunF alt text,FALSE,,,,,,,,,,,,,,,,https://www.nakatashoten.com/img-item/ht-11-b.gif,g,,,
HT-104,,,,,,,,SHADOW GRAY,,XL,,,HT-104-XL-SHA,500,shopify,5,deny,manual,"14,800",,TRUE,FALSE,,https://www.nakatashoten.com/img-item/ht-05-b7.gif,12,GunF alt text,FALSE,,,,,,,,,,,,,,,,https://www.nakatashoten.com/img-item/ht-11-b.gif,g,,,
HT-104,,,,,,,,TAIGA GREEN,,S,,,HT-104-S-TG,500,shopify,5,deny,manual,"14,800",,TRUE,FALSE,,https://www.nakatashoten.com/img-item/ht-05-b8.gif,13,GunF alt text,FALSE,,,,,,,,,,,,,,,,https://www.nakatashoten.com/img-item/ht-11-b.gif,g,,,
HT-104,,,,,,,,TAIGA GREEN,,M,,,HT-104-M-TG,500,shopify,5,deny,manual,"14,800",,TRUE,FALSE,,https://www.nakatashoten.com/img-item/ht-05-b9.gif,14,GunF alt text,FALSE,,,,,,,,,,,,,,,,https://www.nakatashoten.com/img-item/ht-11-b.gif,g,,,
HT-104,,,,,,,,TAIGA GREEN,,L,,,HT-104-L-TG,500,shopify,5,deny,manual,"14,800",,TRUE,FALSE,,,,,FALSE,,,,,,,,,,,,,,,,https://www.nakatashoten.com/img-item/ht-11-b.gif,g,,,
HT-104,,,,,,,,TAIGA GREEN,,XL,,,HT-104-XL-TG,500,shopify,5,deny,manual,"14,800",,TRUE,FALSE,,,,,FALSE,,,,,,,,,,,,,,,,https://www.nakatashoten.com/img-item/ht-02-b.gif,g,,,
HT-105,GEN III. LEVEL-7 Climashield® APEX 100G,"<!DOCTYPE html>
<html>
<head>
<style>
table {
  font-family: arial, sans-serif;
  border-collapse: collapse;
  width: 85%;
}

td, th {
  border: 1px solid #dddddd;
  text-align: left;
  padding: 5px;
}

tr:nth-child(even) {
  background-color: #dddddd;
}
</style>
</head>
<body>
<div>
<table>
  <tr>
    <th>SIZE</th>
    <th>身長</th>
    <th>胸囲</th>
  </tr>
  <tr>
    <td>XS</td>
    <td>158-168cm</td>
    <td>80-88cm</td>
  </tr>
    <tr>
    <td>S</td>
    <td>162-172cm</td>
    <td>88-94cm</td>
  </tr>
    <tr>
    <td>M</td>
    <td>166-176cm</td>
    <td>94-100</td>
  </tr>
    <tr>
    <td>L</td>
    <td>170-180cm</td>
    <td>100-106cm</td>
  </tr>
    <tr>
    <td>XL</td>
    <td>174-184cm</td>
    <td>106-114cm</td>
  </tr>
</table>
</div>

<div>
<img src=https://dfr4rssi07fv7.cloudfront.net/htx/images/technology/jpg/urban-line.jpg width=""100"">
<img src=https://dfr4rssi07fv7.cloudfront.net/htx/images/technology/jpg/shark-skin-softshell.jpg width=""100"">
<img src=https://dfr4rssi07fv7.cloudfront.net/htx/images/technology/jpg/4way-elastic.jpg width=""100"">
<img src=https://dfr4rssi07fv7.cloudfront.net/htx/images/technology/jpg/du-pont-teflon.jpg width=""100"">
<img src=https://dfr4rssi07fv7.cloudfront.net/htx/images/technology/jpg/windblocker.jpg width=""100"">
<img src=https://dfr4rssi07fv7.cloudfront.net/htx/images/technology/jpg/ykk.jpg width=""100"">
</div>

<div>
<iframe width=""420"" height=""315"" src=""https://www.youtube.com/embed/kiXl9nnvws4"">
</iframe>

<figure>
  <img src=""https://www.nakatashoten.com/img-item/ht-05-b2.gif"" alt=""GunFighter"" style=""width:100%"">
  <figcaption>フードは襟裏に収納できます。</figcaption>
</figure>

<figure>
  <img src=""https://www.nakatashoten.com/img-item/ht-05-b3.gif"" alt=""GunFighter"" style=""width:100%"">
  <figcaption>フード使用。</figcaption>
</figure>

<img src=""https://www.nakatashoten.com/img-item/ht-05-b9.gif"" height=""200"">
<img src=https://www.nakatashoten.com/img-item/ht-05-b8.gif height=""200"">


</div>

</body>
</html>
",HELIKON-TEX,アウター,"HELIKON-TEX, WEAR, アウター, ジャケット",TRUE,color,BLACK,size,XS,,,HT-105-XS-Bk,500,shopify,5,deny,manual,"14,800",,TRUE,FALSE,,https://www.nakatashoten.com/img-item/ht-01-b1.gif,1,GunF alt text,FALSE,ヘリコンテックス,ヘリコンテックス,Apparel & Accessories > Clothing,Unisex,Adult,7X8ABC910,T-shirts,"cotton, pre-shrunk",,FALSE,,,,,,https://www.nakatashoten.com/img-item/ht-01-b1.gif,g,,,active
HT-105,,,,,,,,BLACK,,S,,,HT-105-S-BK,500,shopify,5,deny,manual,"14,800",,TRUE,FALSE,,https://www.nakatashoten.com/img-item/ht-04-b.gif,2,GunF alt text,FALSE,,,,,,,,,,,,,,,,https://www.nakatashoten.com/img-item/ht-01-b1.gif,g,,,
HT-105,,,,,,,,BLACK,,M,,,HT-105-M-BK,500,shopify,5,deny,manual,"14,800",,TRUE,FALSE,,https://www.nakatashoten.com/img-item/ht-11-b.gif,3,GunF alt text,FALSE,,,,,,,,,,,,,,,,https://www.nakatashoten.com/img-item/ht-01-b1.gif,g,,,
HT-105,,,,,,,,BLACK,,L,,,HT-105-L-BK,500,shopify,5,deny,manual,"14,800",,TRUE,FALSE,,https://www.nakatashoten.com/img-item/ht-02-b.gif,4,GunF alt text,FALSE,,,,,,,,,,,,,,,,https://www.nakatashoten.com/img-item/ht-01-b1.gif,g,,,
HT-105,,,,,,,,BLACK,,XL,,,HT-105-XL-BK,500,shopify,5,deny,manual,"14,800",,TRUE,FALSE,,https://www.nakatashoten.com/img-item/ht-05-fg-b.gif,5,GunF alt text,FALSE,,,,,,,,,,,,,,,,https://www.nakatashoten.com/img-item/ht-01-b1.gif,g,,,
HT-105,,,,,,,,ALPHA GREEN,,XS,,,HT-105-XS-AG,500,shopify,5,deny,manual,"14,800",,TRUE,FALSE,,https://www.nakatashoten.com/img-item/ht-04-b.gif,2,GunF alt text,FALSE,,,,,,,,,,,,,,,,https://www.nakatashoten.com/img-item/ht-01-b1.gif,g,,,
HT-105,,,,,,,,ALPHA GREEN,,S,,,HT-105-S-AG,500,shopify,5,deny,manual,"14,800",,TRUE,FALSE,,https://www.nakatashoten.com/img-item/ht-11-b.gif,3,GunF alt text,FALSE,,,,,,,,,,,,,,,,https://www.nakatashoten.com/img-item/ht-01-b1.gif,g,,,
HT-105,,,,,,,,ALPHA GREEN,,M,,,HT-105-M-AG,500,shopify,5,deny,manual,"14,800",,TRUE,FALSE,,https://www.nakatashoten.com/img-item/ht-02-b.gif,4,GunF alt text,FALSE,,,,,,,,,,,,,,,,https://www.nakatashoten.com/img-item/ht-01-b1.gif,g,,,
HT-105,,,,,,,,ALPHA GREEN,,L,,,HT-105-L-AG,500,shopify,5,deny,manual,"14,800",,TRUE,FALSE,,https://www.nakatashoten.com/img-item/ht-05-fg-b.gif,5,GunF alt text,FALSE,,,,,,,,,,,,,,,,https://www.nakatashoten.com/img-item/ht-01-b1.gif,g,,,
HT-105,,,,,,,,ALPHA GREEN,,XL,,,HT-105-XL-AG,500,shopify,5,deny,manual,"14,800",,TRUE,FALSE,,https://www.nakatashoten.com/img-item/ht-05-fg-b.gif,5,GunF alt text,FALSE,,,,,,,,,,,,,,,,https://www.nakatashoten.com/img-item/ht-01-b1.gif,g,,,
HT-105,,,,,,,,COYOTE BROWN,,XS,,,HT-105-XS-COY,500,shopify,5,deny,manual,"14,800",,TRUE,FALSE,,https://www.nakatashoten.com/img-item/ht-04-b.gif,2,GunF alt text,FALSE,,,,,,,,,,,,,,,,https://www.nakatashoten.com/img-item/ht-01-b1.gif,g,,,
HT-105,,,,,,,,COYOTE BROWN,,S,,,HT-105-S-COY,500,shopify,5,deny,manual,"14,800",,TRUE,FALSE,,https://www.nakatashoten.com/img-item/ht-11-b.gif,3,GunF alt text,FALSE,,,,,,,,,,,,,,,,https://www.nakatashoten.com/img-item/ht-01-b1.gif,g,,,
HT-105,,,,,,,,COYOTE BROWN,,M,,,HT-105-M-COY,500,shopify,5,deny,manual,"14,800",,TRUE,FALSE,,https://www.nakatashoten.com/img-item/ht-02-b.gif,4,GunF alt text,FALSE,,,,,,,,,,,,,,,,https://www.nakatashoten.com/img-item/ht-01-b1.gif,g,,,
HT-105,,,,,,,,COYOTE BROWN,,L,,,HT-105-L-COY,500,shopify,5,deny,manual,"14,800",,TRUE,FALSE,,https://www.nakatashoten.com/img-item/ht-05-fg-b.gif,5,GunF alt text,FALSE,,,,,,,,,,,,,,,,https://www.nakatashoten.com/img-item/ht-01-b1.gif,g,,,
HT-105,,,,,,,,COYOTE BROWN,,XL,,,HT-105-XL-COY,500,shopify,5,deny,manual,"14,800",,TRUE,FALSE,,https://www.nakatashoten.com/img-item/ht-05-fg-b.gif,5,GunF alt text,FALSE,,,,,,,,,,,,,,,,https://www.nakatashoten.com/img-item/ht-01-b1.gif,g,,,
HT-105,,,,,,,,SHADOW GRAY,,XS,,,HT-105-XS-SHA,500,shopify,5,deny,manual,"14,800",,TRUE,FALSE,,https://www.nakatashoten.com/img-item/ht-04-b.gif,2,GunF alt text,FALSE,,,,,,,,,,,,,,,,https://www.nakatashoten.com/img-item/ht-01-b1.gif,g,,,
HT-105,,,,,,,,SHADOW GRAY,,S,,,HT-105-S-SHA,500,shopify,5,deny,manual,"14,800",,TRUE,FALSE,,https://www.nakatashoten.com/img-item/ht-11-b.gif,3,GunF alt text,FALSE,,,,,,,,,,,,,,,,https://www.nakatashoten.com/img-item/ht-01-b1.gif,g,,,
HT-105,,,,,,,,SHADOW GRAY,,M,,,HT-105-M-SHA,500,shopify,5,deny,manual,"14,800",,TRUE,FALSE,,https://www.nakatashoten.com/img-item/ht-02-b.gif,4,GunF alt text,FALSE,,,,,,,,,,,,,,,,https://www.nakatashoten.com/img-item/ht-01-b1.gif,g,,,
HT-105,,,,,,,,SHADOW GRAY,,L,,,HT-105-L-SHA,500,shopify,5,deny,manual,"14,800",,TRUE,FALSE,,https://www.nakatashoten.com/img-item/ht-05-fg-b.gif,5,GunF alt text,FALSE,,,,,,,,,,,,,,,,https://www.nakatashoten.com/img-item/ht-01-b1.gif,g,,,
HT-105,,,,,,,,SHADOW GRAY,,XL,,,HT-105-XL-SHA,500,shopify,5,deny,manual,"14,800",,TRUE,FALSE,,https://www.nakatashoten.com/img-item/ht-05-fg-b.gif,5,GunF alt text,FALSE,,,,,,,,,,,,,,,,https://www.nakatashoten.com/img-item/ht-01-b1.gif,g,,,
HT-106,URBAN HYBRID ,"<!DOCTYPE html>
<html>
<head>
<style>
table {
  font-family: arial, sans-serif;
  border-collapse: collapse;
  width: 85%;
}

td, th {
  border: 1px solid #dddddd;
  text-align: left;
  padding: 5px;
}

tr:nth-child(even) {
  background-color: #dddddd;
}
</style>
</head>
<body>
<div>
<table>
  <tr>
    <th>SIZE</th>
    <th>身長</th>
    <th>胸囲</th>
  </tr>
  <tr>
    <td>XS</td>
    <td>158-168cm</td>
    <td>80-88cm</td>
  </tr>
    <tr>
    <td>S</td>
    <td>162-172cm</td>
    <td>88-94cm</td>
  </tr>
    <tr>
    <td>M</td>
    <td>166-176cm</td>
    <td>94-100</td>
  </tr>
    <tr>
    <td>L</td>
    <td>170-180cm</td>
    <td>100-106cm</td>
  </tr>
    <tr>
    <td>XL</td>
    <td>174-184cm</td>
    <td>106-114cm</td>
  </tr>
</table>
</div>

<div>
<img src=https://dfr4rssi07fv7.cloudfront.net/htx/images/technology/jpg/urban-line.jpg width=""100"">
<img src=https://dfr4rssi07fv7.cloudfront.net/htx/images/technology/jpg/shark-skin-softshell.jpg width=""100"">
<img src=https://dfr4rssi07fv7.cloudfront.net/htx/images/technology/jpg/4way-elastic.jpg width=""100"">
<img src=https://dfr4rssi07fv7.cloudfront.net/htx/images/technology/jpg/du-pont-teflon.jpg width=""100"">
<img src=https://dfr4rssi07fv7.cloudfront.net/htx/images/technology/jpg/windblocker.jpg width=""100"">
<img src=https://dfr4rssi07fv7.cloudfront.net/htx/images/technology/jpg/ykk.jpg width=""100"">
</div>

<div>
<iframe width=""420"" height=""315"" src=""https://www.youtube.com/embed/kiXl9nnvws4"">
</iframe>

<figure>
  <img src=""https://www.nakatashoten.com/img-item/ht-05-b2.gif"" alt=""GunFighter"" style=""width:100%"">
  <figcaption>フードは襟裏に収納できます。</figcaption>
</figure>

<figure>
  <img src=""https://www.nakatashoten.com/img-item/ht-05-b3.gif"" alt=""GunFighter"" style=""width:100%"">
  <figcaption>フード使用。</figcaption>
</figure>

<img src=""https://www.nakatashoten.com/img-item/ht-05-b9.gif"" height=""200"">
<img src=https://www.nakatashoten.com/img-item/ht-05-b8.gif height=""200"">


</div>

</body>
</html>
",HELIKON-TEX,アウター,"HELIKON-TEX, WEAR, アウター, ジャケット",TRUE,color,BLACK,size,S,,,HT-106-S-BK,500,shopify,5,deny,manual,"14,800",,TRUE,FALSE,,https://www.nakatashoten.com/img-item/ht-01-b1.gif,1,GunF alt text,FALSE,ヘリコンテックス,ヘリコンテックス,Apparel & Accessories > Clothing,Unisex,Adult,7X8ABC910,T-shirts,"cotton, pre-shrunk",,FALSE,,,,,,https://www.nakatashoten.com/img-item/ht-01-b1.gif,g,,,active
HT-106,,,,,,,,BLACK,,M,,,HT-106-M-BK,500,shopify,5,deny,manual,"14,800",,TRUE,FALSE,,https://www.nakatashoten.com/img-item/ht-04-b.gif,2,GunF alt text,FALSE,,,,,,,,,,,,,,,,https://www.nakatashoten.com/img-item/ht-01-b1.gif,g,,,
HT-106,,,,,,,,BLACK,,L,,,HT-106-L-BK,500,shopify,5,deny,manual,"14,800",,TRUE,FALSE,,https://www.nakatashoten.com/img-item/ht-11-b.gif,3,GunF alt text,FALSE,,,,,,,,,,,,,,,,https://www.nakatashoten.com/img-item/ht-01-b1.gif,g,,,
HT-106,,,,,,,,BLACK,,XL,,,HT-106-XL-BK,500,shopify,5,deny,manual,"14,800",,TRUE,FALSE,,https://www.nakatashoten.com/img-item/ht-02-b.gif,4,GunF alt text,FALSE,,,,,,,,,,,,,,,,https://www.nakatashoten.com/img-item/ht-01-b1.gif,g,,,
HT-106,,,,,,,,TAIGA GREEN,,S,,,HT-106-S-TG,500,shopify,5,deny,manual,"14,800",,TRUE,FALSE,,https://www.nakatashoten.com/img-item/ht-02-b.gif,4,GunF alt text,FALSE,,,,,,,,,,,,,,,,https://www.nakatashoten.com/img-item/ht-01-b1.gif,g,,,
HT-106,,,,,,,,TAIGA GREEN,,M,,,HT-106-M-TG,500,shopify,5,deny,manual,"14,800",,TRUE,FALSE,,https://www.nakatashoten.com/img-item/ht-02-b.gif,4,GunF alt text,FALSE,,,,,,,,,,,,,,,,https://www.nakatashoten.com/img-item/ht-01-b1.gif,g,,,
HT-106,,,,,,,,TAIGA GREEN,,L,,,HT-106-L-TG,500,shopify,5,deny,manual,"14,800",,TRUE,FALSE,,https://www.nakatashoten.com/img-item/ht-02-b.gif,4,GunF alt text,FALSE,,,,,,,,,,,,,,,,https://www.nakatashoten.com/img-item/ht-01-b1.gif,g,,,
HT-106,,,,,,,,TAIGA GREEN,,XL,,,HT-106-XL-TG,500,shopify,5,deny,manual,"14,800",,TRUE,FALSE,,https://www.nakatashoten.com/img-item/ht-02-b.gif,4,GunF alt text,FALSE,,,,,,,,,,,,,,,,https://www.nakatashoten.com/img-item/ht-01-b1.gif,g,,,
HT-106,,,,,,,,ADAPTIVE GREEN,,S,,,HT-106-S-AG,500,shopify,5,deny,manual,"14,800",,TRUE,FALSE,,https://www.nakatashoten.com/img-item/ht-02-b.gif,4,GunF alt text,FALSE,,,,,,,,,,,,,,,,https://www.nakatashoten.com/img-item/ht-01-b1.gif,g,,,
HT-106,,,,,,,,ADAPTIVE GREEN,,M,,,HT-106-M-AG,500,shopify,5,deny,manual,"14,800",,TRUE,FALSE,,https://www.nakatashoten.com/img-item/ht-02-b.gif,4,GunF alt text,FALSE,,,,,,,,,,,,,,,,https://www.nakatashoten.com/img-item/ht-01-b1.gif,g,,,
HT-106,,,,,,,,ADAPTIVE GREEN,,L,,,HT-106-L-AG,500,shopify,5,deny,manual,"14,800",,TRUE,FALSE,,https://www.nakatashoten.com/img-item/ht-02-b.gif,4,GunF alt text,FALSE,,,,,,,,,,,,,,,,https://www.nakatashoten.com/img-item/ht-01-b1.gif,g,,,
HT-106,,,,,,,,ADAPTIVE GREEN,,XL,,,HT-106-XL-AG,500,shopify,5,deny,manual,"14,800",,TRUE,FALSE,,https://www.nakatashoten.com/img-item/ht-02-b.gif,4,GunF alt text,FALSE,,,,,,,,,,,,,,,,https://www.nakatashoten.com/img-item/ht-01-b1.gif,g,,,
HT-106,,,,,,,,SHADOW GRAY,,S,,,HT-106-S-SHA,500,shopify,5,deny,manual,"14,800",,TRUE,FALSE,,https://www.nakatashoten.com/img-item/ht-02-b.gif,4,GunF alt text,FALSE,,,,,,,,,,,,,,,,https://www.nakatashoten.com/img-item/ht-01-b1.gif,g,,,
HT-106,,,,,,,,SHADOW GRAY,,M,,,HT-106-M-SHA,500,shopify,5,deny,manual,"14,800",,TRUE,FALSE,,https://www.nakatashoten.com/img-item/ht-02-b.gif,4,GunF alt text,FALSE,,,,,,,,,,,,,,,,https://www.nakatashoten.com/img-item/ht-01-b1.gif,g,,,
HT-106,,,,,,,,SHADOW GRAY,,L,,,HT-106-L-SHA,500,shopify,5,deny,manual,"14,800",,TRUE,FALSE,,https://www.nakatashoten.com/img-item/ht-02-b.gif,4,GunF alt text,FALSE,,,,,,,,,,,,,,,,https://www.nakatashoten.com/img-item/ht-01-b1.gif,g,,,
HT-106,,,,,,,,SHADOW GRAY,,XL,,,HT-106-XL-SHA,500,shopify,5,deny,manual,"14,800",,TRUE,FALSE,,https://www.nakatashoten.com/img-item/ht-02-b.gif,4,GunF alt text,FALSE,,,,,,,,,,,,,,,,https://www.nakatashoten.com/img-item/ht-01-b1.gif,g,,,
HT-107,WINDRUNNER PACKABLE ANORAK®,"<!DOCTYPE html>
<html>
<head>
<style>
table {
  font-family: arial, sans-serif;
  border-collapse: collapse;
  width: 85%;
}

td, th {
  border: 1px solid #dddddd;
  text-align: left;
  padding: 5px;
}

tr:nth-child(even) {
  background-color: #dddddd;
}
</style>
</head>
<body>
<div>
<table>
  <tr>
    <th>SIZE</th>
    <th>身長</th>
    <th>胸囲</th>
  </tr>
  <tr>
    <td>XS</td>
    <td>158-168cm</td>
    <td>80-88cm</td>
  </tr>
    <tr>
    <td>S</td>
    <td>162-172cm</td>
    <td>88-94cm</td>
  </tr>
    <tr>
    <td>M</td>
    <td>166-176cm</td>
    <td>94-100</td>
  </tr>
    <tr>
    <td>L</td>
    <td>170-180cm</td>
    <td>100-106cm</td>
  </tr>
    <tr>
    <td>XL</td>
    <td>174-184cm</td>
    <td>106-114cm</td>
  </tr>
</table>
</div>

<div>
<img src=https://dfr4rssi07fv7.cloudfront.net/htx/images/technology/jpg/urban-line.jpg width=""100"">
<img src=https://dfr4rssi07fv7.cloudfront.net/htx/images/technology/jpg/shark-skin-softshell.jpg width=""100"">
<img src=https://dfr4rssi07fv7.cloudfront.net/htx/images/technology/jpg/4way-elastic.jpg width=""100"">
<img src=https://dfr4rssi07fv7.cloudfront.net/htx/images/technology/jpg/du-pont-teflon.jpg width=""100"">
<img src=https://dfr4rssi07fv7.cloudfront.net/htx/images/technology/jpg/windblocker.jpg width=""100"">
<img src=https://dfr4rssi07fv7.cloudfront.net/htx/images/technology/jpg/ykk.jpg width=""100"">
</div>

<div>
<iframe width=""420"" height=""315"" src=""https://www.youtube.com/embed/kiXl9nnvws4"">
</iframe>

<figure>
  <img src=""https://www.nakatashoten.com/img-item/ht-05-b2.gif"" alt=""GunFighter"" style=""width:100%"">
  <figcaption>フードは襟裏に収納できます。</figcaption>
</figure>

<figure>
  <img src=""https://www.nakatashoten.com/img-item/ht-05-b3.gif"" alt=""GunFighter"" style=""width:100%"">
  <figcaption>フード使用。</figcaption>
</figure>

<img src=""https://www.nakatashoten.com/img-item/ht-05-b9.gif"" height=""200"">
<img src=https://www.nakatashoten.com/img-item/ht-05-b8.gif height=""200"">


</div>

</body>
</html>
",HELIKON-TEX,アウター,"HELIKON-TEX, WEAR, アウター, ジャケット",TRUE,color,BLACK,size,S,,,HT-107-S-BK,500,shopify,5,deny,manual,"14,800",,TRUE,FALSE,,https://www.nakatashoten.com/img-item/ht-01-b1.gif,1,GunF alt text,FALSE,ヘリコンテックス,ヘリコンテックス,Apparel & Accessories > Clothing,Unisex,Adult,7X8ABC910,T-shirts,"cotton, pre-shrunk",,FALSE,,,,,,https://www.nakatashoten.com/img-item/ht-01-b1.gif,g,,,active
HT-107,,,,,,,,BLACK,,M,,,HT-107-M-BK,500,shopify,5,deny,manual,"14,800",,TRUE,FALSE,,https://www.nakatashoten.com/img-item/ht-04-b.gif,2,GunF alt text,FALSE,,,,,,,,,,,,,,,,https://www.nakatashoten.com/img-item/ht-01-b1.gif,g,,,
HT-107,,,,,,,,BLACK,,L,,,HT-107-L-BK,500,shopify,5,deny,manual,"14,800",,TRUE,FALSE,,https://www.nakatashoten.com/img-item/ht-11-b.gif,3,GunF alt text,FALSE,,,,,,,,,,,,,,,,https://www.nakatashoten.com/img-item/ht-01-b1.gif,g,,,
HT-107,,,,,,,,SHADOW GRAY,,S,,,HT-107-S-SHA,500,shopify,5,deny,manual,"14,800",,TRUE,FALSE,,https://www.nakatashoten.com/img-item/ht-02-b.gif,4,GunF alt text,FALSE,,,,,,,,,,,,,,,,https://www.nakatashoten.com/img-item/ht-01-b1.gif,g,,,
HT-107,,,,,,,,SHADOW GRAY,,M,,,HT-107-M-SHA,500,shopify,5,deny,manual,"14,800",,TRUE,FALSE,,https://www.nakatashoten.com/img-item/ht-02-b.gif,4,GunF alt text,FALSE,,,,,,,,,,,,,,,,https://www.nakatashoten.com/img-item/ht-01-b1.gif,g,,,
HT-107,,,,,,,,SHADOW GRAY,,L,,,HT-107-L-SHA,500,shopify,5,deny,manual,"14,800",,TRUE,FALSE,,https://www.nakatashoten.com/img-item/ht-02-b.gif,4,GunF alt text,FALSE,,,,,,,,,,,,,,,,https://www.nakatashoten.com/img-item/ht-01-b1.gif,g,,,
HT-107,,,,,,,,TAIGA GREEN,,S,,,HT-107-S-TG,500,shopify,5,deny,manual,"14,800",,TRUE,FALSE,,https://www.nakatashoten.com/img-item/ht-02-b.gif,4,GunF alt text,FALSE,,,,,,,,,,,,,,,,https://www.nakatashoten.com/img-item/ht-01-b1.gif,g,,,
HT-107,,,,,,,,TAIGA GREEN,,M,,,HT-107-M-TG,500,shopify,5,deny,manual,"14,800",,TRUE,FALSE,,https://www.nakatashoten.com/img-item/ht-02-b.gif,4,GunF alt text,FALSE,,,,,,,,,,,,,,,,https://www.nakatashoten.com/img-item/ht-01-b1.gif,g,,,
HT-107,,,,,,,,TAIGA GREEN,,L,,,HT-107-L-TG,500,shopify,5,deny,manual,"14,800",,TRUE,FALSE,,https://www.nakatashoten.com/img-item/ht-02-b.gif,4,GunF alt text,FALSE,,,,,,,,,,,,,,,,https://www.nakatashoten.com/img-item/ht-01-b1.gif,g,,,
HT-107,,,,,,,,COYOTE,,S,,,HT-107-S-COY,500,shopify,5,deny,manual,"14,800",,TRUE,FALSE,,https://www.nakatashoten.com/img-item/ht-02-b.gif,4,GunF alt text,FALSE,,,,,,,,,,,,,,,,https://www.nakatashoten.com/img-item/ht-01-b1.gif,g,,,
HT-107,,,,,,,,COYOTE,,M,,,HT-107-M-COY,500,shopify,5,deny,manual,"14,800",,TRUE,FALSE,,https://www.nakatashoten.com/img-item/ht-02-b.gif,4,GunF alt text,FALSE,,,,,,,,,,,,,,,,https://www.nakatashoten.com/img-item/ht-01-b1.gif,g,,,
HT-107,,,,,,,,COYOTE,,L,,,HT-107-L-COY,500,shopify,5,deny,manual,"14,800",,TRUE,FALSE,,https://www.nakatashoten.com/img-item/ht-02-b.gif,4,GunF alt text,FALSE,,,,,,,,,,,,,,,,https://www.nakatashoten.com/img-item/ht-01-b1.gif,g,,,
HT-107,,,,,,,,PENCOTT WILDWOOD™,,S,,,HT-107-S-COY,500,shopify,5,deny,manual,"14,800",,TRUE,FALSE,,https://www.nakatashoten.com/img-item/ht-02-b.gif,4,GunF alt text,FALSE,,,,,,,,,,,,,,,,https://www.nakatashoten.com/img-item/ht-01-b1.gif,g,,,
HT-107,,,,,,,,PENCOTT WILDWOOD™,,M,,,HT-107-M-COY,500,shopify,5,deny,manual,"14,800",,TRUE,FALSE,,https://www.nakatashoten.com/img-item/ht-02-b.gif,4,GunF alt text,FALSE,,,,,,,,,,,,,,,,https://www.nakatashoten.com/img-item/ht-01-b1.gif,g,,,
HT-107,,,,,,,,PENCOTT WILDWOOD™,,L,,,HT-107-L-COY,500,shopify,5,deny,manual,"14,800",,TRUE,FALSE,,https://www.nakatashoten.com/img-item/ht-02-b.gif,4,GunF alt text,FALSE,,,,,,,,,,,,,,,,https://www.nakatashoten.com/img-item/ht-01-b1.gif,g,,,
HT-108,URBAN TACTICAL HOODIE Lite,"<!DOCTYPE html>
<html>
<head>
<style>
table {
  font-family: arial, sans-serif;
  border-collapse: collapse;
  width: 85%;
}

td, th {
  border: 1px solid #dddddd;
  text-align: left;
  padding: 5px;
}

tr:nth-child(even) {
  background-color: #dddddd;
}
</style>
</head>
<body>
<div>
<table>
  <tr>
    <th>SIZE</th>
    <th>身長</th>
    <th>胸囲</th>
  </tr>
  <tr>
    <td>XS</td>
    <td>158-168cm</td>
    <td>80-88cm</td>
  </tr>
    <tr>
    <td>S</td>
    <td>162-172cm</td>
    <td>88-94cm</td>
  </tr>
    <tr>
    <td>M</td>
    <td>166-176cm</td>
    <td>94-100</td>
  </tr>
    <tr>
    <td>L</td>
    <td>170-180cm</td>
    <td>100-106cm</td>
  </tr>
    <tr>
    <td>XL</td>
    <td>174-184cm</td>
    <td>106-114cm</td>
  </tr>
</table>
</div>

<div>
<img src=https://dfr4rssi07fv7.cloudfront.net/htx/images/technology/jpg/urban-line.jpg width=""100"">
<img src=https://dfr4rssi07fv7.cloudfront.net/htx/images/technology/jpg/shark-skin-softshell.jpg width=""100"">
<img src=https://dfr4rssi07fv7.cloudfront.net/htx/images/technology/jpg/4way-elastic.jpg width=""100"">
<img src=https://dfr4rssi07fv7.cloudfront.net/htx/images/technology/jpg/du-pont-teflon.jpg width=""100"">
<img src=https://dfr4rssi07fv7.cloudfront.net/htx/images/technology/jpg/windblocker.jpg width=""100"">
<img src=https://dfr4rssi07fv7.cloudfront.net/htx/images/technology/jpg/ykk.jpg width=""100"">
</div>

<div>
<iframe width=""420"" height=""315"" src=""https://www.youtube.com/embed/kiXl9nnvws4"">
</iframe>

<figure>
  <img src=""https://www.nakatashoten.com/img-item/ht-05-b2.gif"" alt=""GunFighter"" style=""width:100%"">
  <figcaption>フードは襟裏に収納できます。</figcaption>
</figure>

<figure>
  <img src=""https://www.nakatashoten.com/img-item/ht-05-b3.gif"" alt=""GunFighter"" style=""width:100%"">
  <figcaption>フード使用。</figcaption>
</figure>

<img src=""https://www.nakatashoten.com/img-item/ht-05-b9.gif"" height=""200"">
<img src=https://www.nakatashoten.com/img-item/ht-05-b8.gif height=""200"">


</div>

</body>
</html>
",HELIKON-TEX,アウター,"HELIKON-TEX, WEAR, アウター, ジャケット",TRUE,color,BLACK,size,XS,,,HT-108-S-BK,500,shopify,5,deny,manual,"14,800",,TRUE,FALSE,,https://www.nakatashoten.com/img-item/ht-01-b1.gif,1,GunF alt text,FALSE,ヘリコンテックス,ヘリコンテックス,Apparel & Accessories > Clothing,Unisex,Adult,7X8ABC910,T-shirts,"cotton, pre-shrunk",,FALSE,,,,,,https://www.nakatashoten.com/img-item/ht-01-b1.gif,g,,,active
HT-108,,,,,,,,BLACK,,S,,,HT-108-M-BK,500,shopify,5,deny,manual,"14,800",,TRUE,FALSE,,https://www.nakatashoten.com/img-item/ht-04-b.gif,2,GunF alt text,FALSE,,,,,,,,,,,,,,,,https://www.nakatashoten.com/img-item/ht-01-b1.gif,g,,,
HT-108,,,,,,,,BLACK,,M,,,HT-108-L-BK,500,shopify,5,deny,manual,"14,800",,TRUE,FALSE,,https://www.nakatashoten.com/img-item/ht-11-b.gif,3,GunF alt text,FALSE,,,,,,,,,,,,,,,,https://www.nakatashoten.com/img-item/ht-01-b1.gif,g,,,
HT-108,,,,,,,,BLACK,,L,,,HT-108-XL-BK,500,shopify,5,deny,manual,"14,800",,TRUE,FALSE,,https://www.nakatashoten.com/img-item/ht-02-b.gif,4,GunF alt text,FALSE,,,,,,,,,,,,,,,,https://www.nakatashoten.com/img-item/ht-01-b1.gif,g,,,
HT-108,,,,,,,,SHADOW GRAY,,XS,,,HT-108-S-SHA,500,shopify,5,deny,manual,"14,800",,TRUE,FALSE,,https://www.nakatashoten.com/img-item/ht-04-b.gif,2,GunF alt text,FALSE,,,,,,,,,,,,,,,,https://www.nakatashoten.com/img-item/ht-01-b1.gif,g,,,
HT-108,,,,,,,,SHADOW GRAY,,S,,,HT-108-M-SHA,500,shopify,5,deny,manual,"14,800",,TRUE,FALSE,,https://www.nakatashoten.com/img-item/ht-11-b.gif,3,GunF alt text,FALSE,,,,,,,,,,,,,,,,https://www.nakatashoten.com/img-item/ht-01-b1.gif,g,,,
HT-108,,,,,,,,SHADOW GRAY,,M,,,HT-108-L-SHA,500,shopify,5,deny,manual,"14,800",,TRUE,FALSE,,https://www.nakatashoten.com/img-item/ht-02-b.gif,4,GunF alt text,FALSE,,,,,,,,,,,,,,,,https://www.nakatashoten.com/img-item/ht-01-b1.gif,g,,,
HT-108,,,,,,,,SHADOW GRAY,,L,,,HT-108-XL-SHA,500,shopify,5,deny,manual,"14,800",,TRUE,FALSE,,https://www.nakatashoten.com/img-item/ht-05-fg-b.gif,5,GunF alt text,FALSE,,,,,,,,,,,,,,,,https://www.nakatashoten.com/img-item/ht-01-b1.gif,g,,,
HT-109,GRID FLEECE,"<!DOCTYPE html>
<html>
<head>
<style>
table {
  font-family: arial, sans-serif;
  border-collapse: collapse;
  width: 85%;
}

td, th {
  border: 1px solid #dddddd;
  text-align: left;
  padding: 5px;
}

tr:nth-child(even) {
  background-color: #dddddd;
}
</style>
</head>
<body>
<div>
<table>
  <tr>
    <th>SIZE</th>
    <th>身長</th>
    <th>胸囲</th>
  </tr>
  <tr>
    <td>XS</td>
    <td>158-168cm</td>
    <td>80-88cm</td>
  </tr>
    <tr>
    <td>S</td>
    <td>162-172cm</td>
    <td>88-94cm</td>
  </tr>
    <tr>
    <td>M</td>
    <td>166-176cm</td>
    <td>94-100</td>
  </tr>
    <tr>
    <td>L</td>
    <td>170-180cm</td>
    <td>100-106cm</td>
  </tr>
    <tr>
    <td>XL</td>
    <td>174-184cm</td>
    <td>106-114cm</td>
  </tr>
</table>
</div>

<div>
<img src=https://dfr4rssi07fv7.cloudfront.net/htx/images/technology/jpg/urban-line.jpg width=""100"">
<img src=https://dfr4rssi07fv7.cloudfront.net/htx/images/technology/jpg/shark-skin-softshell.jpg width=""100"">
<img src=https://dfr4rssi07fv7.cloudfront.net/htx/images/technology/jpg/4way-elastic.jpg width=""100"">
<img src=https://dfr4rssi07fv7.cloudfront.net/htx/images/technology/jpg/du-pont-teflon.jpg width=""100"">
<img src=https://dfr4rssi07fv7.cloudfront.net/htx/images/technology/jpg/windblocker.jpg width=""100"">
<img src=https://dfr4rssi07fv7.cloudfront.net/htx/images/technology/jpg/ykk.jpg width=""100"">
</div>

<div>
<iframe width=""420"" height=""315"" src=""https://www.youtube.com/embed/kiXl9nnvws4"">
</iframe>

<figure>
  <img src=""https://www.nakatashoten.com/img-item/ht-05-b2.gif"" alt=""GunFighter"" style=""width:100%"">
  <figcaption>フードは襟裏に収納できます。</figcaption>
</figure>

<figure>
  <img src=""https://www.nakatashoten.com/img-item/ht-05-b3.gif"" alt=""GunFighter"" style=""width:100%"">
  <figcaption>フード使用。</figcaption>
</figure>

<img src=""https://www.nakatashoten.com/img-item/ht-05-b9.gif"" height=""200"">
<img src=https://www.nakatashoten.com/img-item/ht-05-b8.gif height=""200"">


</div>

</body>
</html>
",HELIKON-TEX,アウター,"HELIKON-TEX, WEAR, アウター, ジャケット",TRUE,color,BLACK,size,S,,,HT-109-S-BK,500,shopify,5,deny,manual,"14,800",,TRUE,FALSE,,https://www.nakatashoten.com/img-item/ht-01-b1.gif,1,GunF alt text,FALSE,ヘリコンテックス,ヘリコンテックス,Apparel & Accessories > Clothing,Unisex,Adult,7X8ABC910,T-shirts,"cotton, pre-shrunk",,FALSE,,,,,,https://www.nakatashoten.com/img-item/ht-01-b1.gif,g,,,active
HT-109,,,,,,,,BLACK,,M,,,HT-109-M-BK,500,shopify,5,deny,manual,"14,800",,TRUE,FALSE,,https://www.nakatashoten.com/img-item/ht-04-b.gif,2,GunF alt text,FALSE,,,,,,,,,,,,,,,,https://www.nakatashoten.com/img-item/ht-01-b1.gif,g,,,
HT-109,,,,,,,,BLACK,,L,,,HT-109-L-BK,500,shopify,5,deny,manual,"14,800",,TRUE,FALSE,,https://www.nakatashoten.com/img-item/ht-11-b.gif,3,GunF alt text,FALSE,,,,,,,,,,,,,,,,https://www.nakatashoten.com/img-item/ht-01-b1.gif,g,,,
HT-109,,,,,,,,BLACK,,XL,,,HT-109-XL-BK,500,shopify,5,deny,manual,"14,800",,TRUE,FALSE,,https://www.nakatashoten.com/img-item/ht-02-b.gif,4,GunF alt text,FALSE,,,,,,,,,,,,,,,,https://www.nakatashoten.com/img-item/ht-01-b1.gif,g,,,
HT-109,,,,,,,,OLIVE GREEN,,S,,,HT-109-S-OG,500,shopify,5,deny,manual,"14,800",,TRUE,FALSE,,https://www.nakatashoten.com/img-item/ht-02-b.gif,4,GunF alt text,FALSE,,,,,,,,,,,,,,,,https://www.nakatashoten.com/img-item/ht-01-b1.gif,g,,,
HT-109,,,,,,,,OLIVE GREEN,,M,,,HT-109-M-OG,500,shopify,5,deny,manual,"14,800",,TRUE,FALSE,,https://www.nakatashoten.com/img-item/ht-02-b.gif,4,GunF alt text,FALSE,,,,,,,,,,,,,,,,https://www.nakatashoten.com/img-item/ht-01-b1.gif,g,,,
HT-109,,,,,,,,OLIVE GREEN,,L,,,HT-109-L-OG,500,shopify,5,deny,manual,"14,800",,TRUE,FALSE,,https://www.nakatashoten.com/img-item/ht-02-b.gif,4,GunF alt text,FALSE,,,,,,,,,,,,,,,,https://www.nakatashoten.com/img-item/ht-01-b1.gif,g,,,
HT-109,,,,,,,,OLIVE GREEN,,XL,,,HT-109-XL-OG,500,shopify,5,deny,manual,"14,800",,TRUE,FALSE,,https://www.nakatashoten.com/img-item/ht-02-b.gif,4,GunF alt text,FALSE,,,,,,,,,,,,,,,,https://www.nakatashoten.com/img-item/ht-01-b1.gif,g,,,
HT-109,,,,,,,,SHADOW GRAY,,S,,,HT-109-S-SHA,500,shopify,5,deny,manual,"14,800",,TRUE,FALSE,,https://www.nakatashoten.com/img-item/ht-02-b.gif,4,GunF alt text,FALSE,,,,,,,,,,,,,,,,https://www.nakatashoten.com/img-item/ht-01-b1.gif,g,,,
HT-109,,,,,,,,SHADOW GRAY,,M,,,HT-109-M-SHA,500,shopify,5,deny,manual,"14,800",,TRUE,FALSE,,https://www.nakatashoten.com/img-item/ht-02-b.gif,4,GunF alt text,FALSE,,,,,,,,,,,,,,,,https://www.nakatashoten.com/img-item/ht-01-b1.gif,g,,,
HT-109,,,,,,,,SHADOW GRAY,,L,,,HT-109-L-SHA,500,shopify,5,deny,manual,"14,800",,TRUE,FALSE,,https://www.nakatashoten.com/img-item/ht-02-b.gif,4,GunF alt text,FALSE,,,,,,,,,,,,,,,,https://www.nakatashoten.com/img-item/ht-01-b1.gif,g,,,
HT-109,,,,,,,,SHADOW GRAY,,XL,,,HT-109-XL-SHA,500,shopify,5,deny,manual,"14,800",,TRUE,FALSE,,https://www.nakatashoten.com/img-item/ht-02-b.gif,4,GunF alt text,FALSE,,,,,,,,,,,,,,,,https://www.nakatashoten.com/img-item/ht-01-b1.gif,g,,,
HT-110,GRID FLEECE HOODIE,"<!DOCTYPE html>
<html>
<head>
<style>
table {
  font-family: arial, sans-serif;
  border-collapse: collapse;
  width: 85%;
}

td, th {
  border: 1px solid #dddddd;
  text-align: left;
  padding: 5px;
}

tr:nth-child(even) {
  background-color: #dddddd;
}
</style>
</head>
<body>
<div>
<table>
  <tr>
    <th>SIZE</th>
    <th>身長</th>
    <th>胸囲</th>
  </tr>
  <tr>
    <td>XS</td>
    <td>158-168cm</td>
    <td>80-88cm</td>
  </tr>
    <tr>
    <td>S</td>
    <td>162-172cm</td>
    <td>88-94cm</td>
  </tr>
    <tr>
    <td>M</td>
    <td>166-176cm</td>
    <td>94-100</td>
  </tr>
    <tr>
    <td>L</td>
    <td>170-180cm</td>
    <td>100-106cm</td>
  </tr>
    <tr>
    <td>XL</td>
    <td>174-184cm</td>
    <td>106-114cm</td>
  </tr>
</table>
</div>

<div>
<img src=https://dfr4rssi07fv7.cloudfront.net/htx/images/technology/jpg/urban-line.jpg width=""100"">
<img src=https://dfr4rssi07fv7.cloudfront.net/htx/images/technology/jpg/shark-skin-softshell.jpg width=""100"">
<img src=https://dfr4rssi07fv7.cloudfront.net/htx/images/technology/jpg/4way-elastic.jpg width=""100"">
<img src=https://dfr4rssi07fv7.cloudfront.net/htx/images/technology/jpg/du-pont-teflon.jpg width=""100"">
<img src=https://dfr4rssi07fv7.cloudfront.net/htx/images/technology/jpg/windblocker.jpg width=""100"">
<img src=https://dfr4rssi07fv7.cloudfront.net/htx/images/technology/jpg/ykk.jpg width=""100"">
</div>

<div>
<iframe width=""420"" height=""315"" src=""https://www.youtube.com/embed/kiXl9nnvws4"">
</iframe>

<figure>
  <img src=""https://www.nakatashoten.com/img-item/ht-05-b2.gif"" alt=""GunFighter"" style=""width:100%"">
  <figcaption>フードは襟裏に収納できます。</figcaption>
</figure>

<figure>
  <img src=""https://www.nakatashoten.com/img-item/ht-05-b3.gif"" alt=""GunFighter"" style=""width:100%"">
  <figcaption>フード使用。</figcaption>
</figure>

<img src=""https://www.nakatashoten.com/img-item/ht-05-b9.gif"" height=""200"">
<img src=https://www.nakatashoten.com/img-item/ht-05-b8.gif height=""200"">


</div>

</body>
</html>
",HELIKON-TEX,アウター,"HELIKON-TEX, WEAR, アウター, ジャケット",TRUE,color,BLACK,size,S,,,HT-110-S-BK,500,shopify,5,deny,manual,"14,800",,TRUE,FALSE,,https://www.nakatashoten.com/img-item/ht-01-b1.gif,1,GunF alt text,FALSE,ヘリコンテックス,ヘリコンテックス,Apparel & Accessories > Clothing,Unisex,Adult,7X8ABC910,T-shirts,"cotton, pre-shrunk",,FALSE,,,,,,https://www.nakatashoten.com/img-item/ht-01-b1.gif,g,,,active
HT-110,,,,,,,,BLACK,,M,,,HT-110-M-BK,500,shopify,5,deny,manual,"14,800",,TRUE,FALSE,,https://www.nakatashoten.com/img-item/ht-04-b.gif,2,GunF alt text,FALSE,,,,,,,,,,,,,,,,https://www.nakatashoten.com/img-item/ht-01-b1.gif,g,,,
HT-110,,,,,,,,BLACK,,L,,,HT-110-L-BK,500,shopify,5,deny,manual,"14,800",,TRUE,FALSE,,https://www.nakatashoten.com/img-item/ht-11-b.gif,3,GunF alt text,FALSE,,,,,,,,,,,,,,,,https://www.nakatashoten.com/img-item/ht-01-b1.gif,g,,,
HT-110,,,,,,,,BLACK,,XL,,,HT-110-XL-BK,500,shopify,5,deny,manual,"14,800",,TRUE,FALSE,,https://www.nakatashoten.com/img-item/ht-02-b.gif,4,GunF alt text,FALSE,,,,,,,,,,,,,,,,https://www.nakatashoten.com/img-item/ht-01-b1.gif,g,,,
HT-110,,,,,,,,OD,,S,,,HT-110-S-OD,500,shopify,5,deny,manual,"14,800",,TRUE,FALSE,,https://www.nakatashoten.com/img-item/ht-02-b.gif,4,GunF alt text,FALSE,,,,,,,,,,,,,,,,https://www.nakatashoten.com/img-item/ht-01-b1.gif,g,,,
HT-110,,,,,,,,OD,,M,,,HT-110-M-OD,500,shopify,5,deny,manual,"14,800",,TRUE,FALSE,,https://www.nakatashoten.com/img-item/ht-02-b.gif,4,GunF alt text,FALSE,,,,,,,,,,,,,,,,https://www.nakatashoten.com/img-item/ht-01-b1.gif,g,,,
HT-110,,,,,,,,OD,,L,,,HT-110-L-OD,500,shopify,5,deny,manual,"14,800",,TRUE,FALSE,,https://www.nakatashoten.com/img-item/ht-02-b.gif,4,GunF alt text,FALSE,,,,,,,,,,,,,,,,https://www.nakatashoten.com/img-item/ht-01-b1.gif,g,,,
HT-110,,,,,,,,OD,,XL,,,HT-110-XL-OD,500,shopify,5,deny,manual,"14,800",,TRUE,FALSE,,https://www.nakatashoten.com/img-item/ht-02-b.gif,4,GunF alt text,FALSE,,,,,,,,,,,,,,,,https://www.nakatashoten.com/img-item/ht-01-b1.gif,g,,,
HT-110,,,,,,,,SHADOW GRAY,,S,,,HT-110-S-SHA,500,shopify,5,deny,manual,"14,800",,TRUE,FALSE,,https://www.nakatashoten.com/img-item/ht-02-b.gif,4,GunF alt text,FALSE,,,,,,,,,,,,,,,,https://www.nakatashoten.com/img-item/ht-01-b1.gif,g,,,
HT-110,,,,,,,,SHADOW GRAY,,M,,,HT-110-M-SHA,500,shopify,5,deny,manual,"14,800",,TRUE,FALSE,,https://www.nakatashoten.com/img-item/ht-02-b.gif,4,GunF alt text,FALSE,,,,,,,,,,,,,,,,https://www.nakatashoten.com/img-item/ht-01-b1.gif,g,,,
HT-110,,,,,,,,SHADOW GRAY,,L,,,HT-110-L-SHA,500,shopify,5,deny,manual,"14,800",,TRUE,FALSE,,https://www.nakatashoten.com/img-item/ht-02-b.gif,4,GunF alt text,FALSE,,,,,,,,,,,,,,,,https://www.nakatashoten.com/img-item/ht-01-b1.gif,g,,,
HT-110,,,,,,,,SHADOW GRAY,,XL,,,HT-110-XL-SHA,500,shopify,5,deny,manual,"14,800",,TRUE,FALSE,,https://www.nakatashoten.com/img-item/ht-02-b.gif,4,GunF alt text,FALSE,,,,,,,,,,,,,,,,https://www.nakatashoten.com/img-item/ht-01-b1.gif,g,,,
HT-110,,,,,,,,COYOTE,,S,,,HT-110-S-COY,500,shopify,5,deny,manual,"14,800",,TRUE,FALSE,,https://www.nakatashoten.com/img-item/ht-02-b.gif,4,GunF alt text,FALSE,,,,,,,,,,,,,,,,https://www.nakatashoten.com/img-item/ht-01-b1.gif,g,,,
HT-110,,,,,,,,COYOTE,,M,,,HT-110-M-COY,500,shopify,5,deny,manual,"14,800",,TRUE,FALSE,,https://www.nakatashoten.com/img-item/ht-02-b.gif,4,GunF alt text,FALSE,,,,,,,,,,,,,,,,https://www.nakatashoten.com/img-item/ht-01-b1.gif,g,,,
HT-110,,,,,,,,COYOTE,,L,,,HT-110-L-COY,500,shopify,5,deny,manual,"14,800",,TRUE,FALSE,,https://www.nakatashoten.com/img-item/ht-02-b.gif,4,GunF alt text,FALSE,,,,,,,,,,,,,,,,https://www.nakatashoten.com/img-item/ht-01-b1.gif,g,,,
HT-110,,,,,,,,COYOTE,,XL,,,HT-110-XL-COY,500,shopify,5,deny,manual,"14,800",,TRUE,FALSE,,https://www.nakatashoten.com/img-item/ht-02-b.gif,4,GunF alt text,FALSE,,,,,,,,,,,,,,,,https://www.nakatashoten.com/img-item/ht-01-b1.gif,g,,,
HT-111,PATRIOT DOUBLE FLEECE,"<!DOCTYPE html>
<html>
<head>
<style>
table {
  font-family: arial, sans-serif;
  border-collapse: collapse;
  width: 85%;
}

td, th {
  border: 1px solid #dddddd;
  text-align: left;
  padding: 5px;
}

tr:nth-child(even) {
  background-color: #dddddd;
}
</style>
</head>
<body>
<div>
<table>
  <tr>
    <th>SIZE</th>
    <th>身長</th>
    <th>胸囲</th>
  </tr>
  <tr>
    <td>XS</td>
    <td>158-168cm</td>
    <td>80-88cm</td>
  </tr>
    <tr>
    <td>S</td>
    <td>162-172cm</td>
    <td>88-94cm</td>
  </tr>
    <tr>
    <td>M</td>
    <td>166-176cm</td>
    <td>94-100</td>
  </tr>
    <tr>
    <td>L</td>
    <td>170-180cm</td>
    <td>100-106cm</td>
  </tr>
    <tr>
    <td>XL</td>
    <td>174-184cm</td>
    <td>106-114cm</td>
  </tr>
</table>
</div>

<div>
<img src=https://dfr4rssi07fv7.cloudfront.net/htx/images/technology/jpg/urban-line.jpg width=""100"">
<img src=https://dfr4rssi07fv7.cloudfront.net/htx/images/technology/jpg/shark-skin-softshell.jpg width=""100"">
<img src=https://dfr4rssi07fv7.cloudfront.net/htx/images/technology/jpg/4way-elastic.jpg width=""100"">
<img src=https://dfr4rssi07fv7.cloudfront.net/htx/images/technology/jpg/du-pont-teflon.jpg width=""100"">
<img src=https://dfr4rssi07fv7.cloudfront.net/htx/images/technology/jpg/windblocker.jpg width=""100"">
<img src=https://dfr4rssi07fv7.cloudfront.net/htx/images/technology/jpg/ykk.jpg width=""100"">
</div>

<div>
<iframe width=""420"" height=""315"" src=""https://www.youtube.com/embed/kiXl9nnvws4"">
</iframe>

<figure>
  <img src=""https://www.nakatashoten.com/img-item/ht-05-b2.gif"" alt=""GunFighter"" style=""width:100%"">
  <figcaption>フードは襟裏に収納できます。</figcaption>
</figure>

<figure>
  <img src=""https://www.nakatashoten.com/img-item/ht-05-b3.gif"" alt=""GunFighter"" style=""width:100%"">
  <figcaption>フード使用。</figcaption>
</figure>

<img src=""https://www.nakatashoten.com/img-item/ht-05-b9.gif"" height=""200"">
<img src=https://www.nakatashoten.com/img-item/ht-05-b8.gif height=""200"">


</div>

</body>
</html>
",HELIKON-TEX,アウター,"HELIKON-TEX, WEAR, アウター, ジャケット",TRUE,color,BLACK,size,XS,,,HT-111-XS-BK,500,shopify,5,deny,manual,"14,800",,TRUE,FALSE,,https://www.nakatashoten.com/img-item/ht-01-b1.gif,1,GunF alt text,FALSE,ヘリコンテックス,ヘリコンテックス,Apparel & Accessories > Clothing,Unisex,Adult,7X8ABC910,T-shirts,"cotton, pre-shrunk",,FALSE,,,,,,https://www.nakatashoten.com/img-item/ht-01-b1.gif,g,,,active
HT-111,,,,,,,,BLACK,,S,,,HT-111-S-BK,500,shopify,5,deny,manual,"14,800",,TRUE,FALSE,,https://www.nakatashoten.com/img-item/ht-04-b.gif,2,GunF alt text,FALSE,,,,,,,,,,,,,,,,https://www.nakatashoten.com/img-item/ht-01-b1.gif,g,,,
HT-111,,,,,,,,BLACK,,M,,,HT-111-M-BK,500,shopify,5,deny,manual,"14,800",,TRUE,FALSE,,https://www.nakatashoten.com/img-item/ht-11-b.gif,3,GunF alt text,FALSE,,,,,,,,,,,,,,,,https://www.nakatashoten.com/img-item/ht-01-b1.gif,g,,,
HT-111,,,,,,,,BLACK,,L,,,HT-111-L-BK,500,shopify,5,deny,manual,"14,800",,TRUE,FALSE,,https://www.nakatashoten.com/img-item/ht-02-b.gif,4,GunF alt text,FALSE,,,,,,,,,,,,,,,,https://www.nakatashoten.com/img-item/ht-01-b1.gif,g,,,
HT-111,,,,,,,,BLACK,,XL,,,HT-111-XL-BK,500,shopify,5,deny,manual,"14,800",,TRUE,FALSE,,https://www.nakatashoten.com/img-item/ht-05-fg-b.gif,5,GunF alt text,FALSE,,,,,,,,,,,,,,,,https://www.nakatashoten.com/img-item/ht-01-b1.gif,g,,,
HT-111,,,,,,,,SHADOW GRAY,,XS,,,HT-111-XS-SHA,500,shopify,5,deny,manual,"14,800",,TRUE,FALSE,,https://www.nakatashoten.com/img-item/ht-05-fg-b.gif,5,GunF alt text,FALSE,,,,,,,,,,,,,,,,https://www.nakatashoten.com/img-item/ht-01-b1.gif,g,,,
HT-111,,,,,,,,SHADOW GRAY,,S,,,HT-111-S-SHA,500,shopify,5,deny,manual,"14,800",,TRUE,FALSE,,https://www.nakatashoten.com/img-item/ht-04-b.gif,2,GunF alt text,FALSE,,,,,,,,,,,,,,,,https://www.nakatashoten.com/img-item/ht-01-b1.gif,g,,,
HT-111,,,,,,,,SHADOW GRAY,,M,,,HT-111-M-SHA,500,shopify,5,deny,manual,"14,800",,TRUE,FALSE,,https://www.nakatashoten.com/img-item/ht-11-b.gif,3,GunF alt text,FALSE,,,,,,,,,,,,,,,,https://www.nakatashoten.com/img-item/ht-01-b1.gif,g,,,
HT-111,,,,,,,,SHADOW GRAY,,L,,,HT-111-L-SHA,500,shopify,5,deny,manual,"14,800",,TRUE,FALSE,,https://www.nakatashoten.com/img-item/ht-02-b.gif,4,GunF alt text,FALSE,,,,,,,,,,,,,,,,https://www.nakatashoten.com/img-item/ht-01-b1.gif,g,,,
HT-111,,,,,,,,SHADOW GRAY,,XL,,,HT-111-XL-SHA,500,shopify,5,deny,manual,"14,800",,TRUE,FALSE,,https://www.nakatashoten.com/img-item/ht-05-fg-b.gif,5,GunF alt text,FALSE,,,,,,,,,,,,,,,,https://www.nakatashoten.com/img-item/ht-01-b1.gif,g,,,
HT-111,,,,,,,,COYOTE,,XS,,,HT-111-XS-COY,500,shopify,5,deny,manual,"14,800",,TRUE,FALSE,,https://www.nakatashoten.com/img-item/ht-05-fg-b.gif,5,GunF alt text,FALSE,,,,,,,,,,,,,,,,https://www.nakatashoten.com/img-item/ht-01-b1.gif,g,,,
HT-111,,,,,,,,COYOTE,,S,,,HT-111-S-COY,500,shopify,5,deny,manual,"14,800",,TRUE,FALSE,,https://www.nakatashoten.com/img-item/ht-04-b.gif,2,GunF alt text,FALSE,,,,,,,,,,,,,,,,https://www.nakatashoten.com/img-item/ht-01-b1.gif,g,,,
HT-111,,,,,,,,COYOTE,,M,,,HT-111-M-COY,500,shopify,5,deny,manual,"14,800",,TRUE,FALSE,,https://www.nakatashoten.com/img-item/ht-11-b.gif,3,GunF alt text,FALSE,,,,,,,,,,,,,,,,https://www.nakatashoten.com/img-item/ht-01-b1.gif,g,,,
HT-111,,,,,,,,COYOTE,,L,,,HT-111-L-COY,500,shopify,5,deny,manual,"14,800",,TRUE,FALSE,,https://www.nakatashoten.com/img-item/ht-02-b.gif,4,GunF alt text,FALSE,,,,,,,,,,,,,,,,https://www.nakatashoten.com/img-item/ht-01-b1.gif,g,,,
HT-111,,,,,,,,COYOTE,,XL,,,HT-111-XL-COY,500,shopify,5,deny,manual,"14,800",,TRUE,FALSE,,https://www.nakatashoten.com/img-item/ht-05-fg-b.gif,5,GunF alt text,FALSE,,,,,,,,,,,,,,,,https://www.nakatashoten.com/img-item/ht-01-b1.gif,g,,,
HT-111,,,,,,,,OD,,XS,,,HT-111-XS-OD,500,shopify,5,deny,manual,"14,800",,TRUE,FALSE,,https://www.nakatashoten.com/img-item/ht-05-fg-b.gif,5,GunF alt text,FALSE,,,,,,,,,,,,,,,,https://www.nakatashoten.com/img-item/ht-01-b1.gif,g,,,
HT-111,,,,,,,,OD,,S,,,HT-111-S-OD,500,shopify,5,deny,manual,"14,800",,TRUE,FALSE,,https://www.nakatashoten.com/img-item/ht-04-b.gif,2,GunF alt text,FALSE,,,,,,,,,,,,,,,,https://www.nakatashoten.com/img-item/ht-01-b1.gif,g,,,
HT-111,,,,,,,,OD,,M,,,HT-111-M-OD,500,shopify,5,deny,manual,"14,800",,TRUE,FALSE,,https://www.nakatashoten.com/img-item/ht-11-b.gif,3,GunF alt text,FALSE,,,,,,,,,,,,,,,,https://www.nakatashoten.com/img-item/ht-01-b1.gif,g,,,
HT-111,,,,,,,,OD,,L,,,HT-111-L-OD,500,shopify,5,deny,manual,"14,800",,TRUE,FALSE,,https://www.nakatashoten.com/img-item/ht-02-b.gif,4,GunF alt text,FALSE,,,,,,,,,,,,,,,,https://www.nakatashoten.com/img-item/ht-01-b1.gif,g,,,
HT-111,,,,,,,,OD,,XL,,,HT-111-XL-OD,500,shopify,5,deny,manual,"14,800",,TRUE,FALSE,,https://www.nakatashoten.com/img-item/ht-05-fg-b.gif,5,GunF alt text,FALSE,,,,,,,,,,,,,,,,https://www.nakatashoten.com/img-item/ht-01-b1.gif,g,,,
HT-112,COVERT M-65 JACKET®,"<!DOCTYPE html>
<html>
<head>
<style>
table {
  font-family: arial, sans-serif;
  border-collapse: collapse;
  width: 85%;
}

td, th {
  border: 1px solid #dddddd;
  text-align: left;
  padding: 5px;
}

tr:nth-child(even) {
  background-color: #dddddd;
}
</style>
</head>
<body>
<div>
<table>
  <tr>
    <th>SIZE</th>
    <th>身長</th>
    <th>胸囲</th>
  </tr>
  <tr>
    <td>XS</td>
    <td>158-168cm</td>
    <td>80-88cm</td>
  </tr>
    <tr>
    <td>S</td>
    <td>162-172cm</td>
    <td>88-94cm</td>
  </tr>
    <tr>
    <td>M</td>
    <td>166-176cm</td>
    <td>94-100</td>
  </tr>
    <tr>
    <td>L</td>
    <td>170-180cm</td>
    <td>100-106cm</td>
  </tr>
    <tr>
    <td>XL</td>
    <td>174-184cm</td>
    <td>106-114cm</td>
  </tr>
</table>
</div>

<div>
<img src=https://dfr4rssi07fv7.cloudfront.net/htx/images/technology/jpg/urban-line.jpg width=""100"">
<img src=https://dfr4rssi07fv7.cloudfront.net/htx/images/technology/jpg/shark-skin-softshell.jpg width=""100"">
<img src=https://dfr4rssi07fv7.cloudfront.net/htx/images/technology/jpg/4way-elastic.jpg width=""100"">
<img src=https://dfr4rssi07fv7.cloudfront.net/htx/images/technology/jpg/du-pont-teflon.jpg width=""100"">
<img src=https://dfr4rssi07fv7.cloudfront.net/htx/images/technology/jpg/windblocker.jpg width=""100"">
<img src=https://dfr4rssi07fv7.cloudfront.net/htx/images/technology/jpg/ykk.jpg width=""100"">
</div>

<div>
<iframe width=""420"" height=""315"" src=""https://www.youtube.com/embed/kiXl9nnvws4"">
</iframe>

<figure>
  <img src=""https://www.nakatashoten.com/img-item/ht-05-b2.gif"" alt=""GunFighter"" style=""width:100%"">
  <figcaption>フードは襟裏に収納できます。</figcaption>
</figure>

<figure>
  <img src=""https://www.nakatashoten.com/img-item/ht-05-b3.gif"" alt=""GunFighter"" style=""width:100%"">
  <figcaption>フード使用。</figcaption>
</figure>

<img src=""https://www.nakatashoten.com/img-item/ht-05-b9.gif"" height=""200"">
<img src=https://www.nakatashoten.com/img-item/ht-05-b8.gif height=""200"">


</div>

</body>
</html>
",HELIKON-TEX,アウター,"HELIKON-TEX, WEAR, アウター, ジャケット",TRUE,color,BLACK,size,XS,,,HT-112-XS-BK,500,shopify,5,deny,manual,"14,800",,TRUE,FALSE,,https://www.nakatashoten.com/img-item/ht-01-b1.gif,1,GunF alt text,FALSE,ヘリコンテックス,ヘリコンテックス,Apparel & Accessories > Clothing,Unisex,Adult,7X8ABC910,T-shirts,"cotton, pre-shrunk",,FALSE,,,,,,https://www.nakatashoten.com/img-item/ht-01-b1.gif,g,,,active
HT-112,,,,,,,,BLACK,,S,,,HT-112-S-BK,500,shopify,5,deny,manual,"14,800",,TRUE,FALSE,,https://www.nakatashoten.com/img-item/ht-04-b.gif,2,GunF alt text,FALSE,,,,,,,,,,,,,,,,https://www.nakatashoten.com/img-item/ht-01-b1.gif,g,,,
HT-112,,,,,,,,BLACK,,M,,,HT-112-M-BK,500,shopify,5,deny,manual,"14,800",,TRUE,FALSE,,https://www.nakatashoten.com/img-item/ht-11-b.gif,3,GunF alt text,FALSE,,,,,,,,,,,,,,,,https://www.nakatashoten.com/img-item/ht-01-b1.gif,g,,,
HT-112,,,,,,,,BLACK,,L,,,HT-112-L-BK,500,shopify,5,deny,manual,"14,800",,TRUE,FALSE,,https://www.nakatashoten.com/img-item/ht-02-b.gif,4,GunF alt text,FALSE,,,,,,,,,,,,,,,,https://www.nakatashoten.com/img-item/ht-01-b1.gif,g,,,
HT-112,,,,,,,,BLACK,,XL,,,HT-112-XL-BK,500,shopify,5,deny,manual,"14,800",,TRUE,FALSE,,https://www.nakatashoten.com/img-item/ht-05-fg-b.gif,5,GunF alt text,FALSE,,,,,,,,,,,,,,,,https://www.nakatashoten.com/img-item/ht-01-b1.gif,g,,,
HT-112,,,,,,,,TAIGA GREEN,,XS,,,HT-112-XS-TG,500,shopify,5,deny,manual,"14,800",,TRUE,FALSE,,https://www.nakatashoten.com/img-item/ht-05-fg-b.gif,5,GunF alt text,FALSE,,,,,,,,,,,,,,,,https://www.nakatashoten.com/img-item/ht-01-b1.gif,g,,,
HT-112,,,,,,,,TAIGA GREEN,,S,,,HT-112-S-TG,500,shopify,5,deny,manual,"14,800",,TRUE,FALSE,,https://www.nakatashoten.com/img-item/ht-04-b.gif,2,GunF alt text,FALSE,,,,,,,,,,,,,,,,https://www.nakatashoten.com/img-item/ht-01-b1.gif,g,,,
HT-112,,,,,,,,TAIGA GREEN,,M,,,HT-112-M-TG,500,shopify,5,deny,manual,"14,800",,TRUE,FALSE,,https://www.nakatashoten.com/img-item/ht-11-b.gif,3,GunF alt text,FALSE,,,,,,,,,,,,,,,,https://www.nakatashoten.com/img-item/ht-01-b1.gif,g,,,
HT-112,,,,,,,,TAIGA GREEN,,L,,,HT-112-L-TG,500,shopify,5,deny,manual,"14,800",,TRUE,FALSE,,https://www.nakatashoten.com/img-item/ht-02-b.gif,4,GunF alt text,FALSE,,,,,,,,,,,,,,,,https://www.nakatashoten.com/img-item/ht-01-b1.gif,g,,,
HT-112,,,,,,,,TAIGA GREEN,,XL,,,HT-112-XL-TG,500,shopify,5,deny,manual,"14,800",,TRUE,FALSE,,https://www.nakatashoten.com/img-item/ht-05-fg-b.gif,5,GunF alt text,FALSE,,,,,,,,,,,,,,,,https://www.nakatashoten.com/img-item/ht-01-b1.gif,g,,,
HT-112,,,,,,,,SHADOW GRAY,,XS,,,HT-112-XS-SHA,500,shopify,5,deny,manual,"14,800",,TRUE,FALSE,,https://www.nakatashoten.com/img-item/ht-05-fg-b.gif,5,GunF alt text,FALSE,,,,,,,,,,,,,,,,https://www.nakatashoten.com/img-item/ht-01-b1.gif,g,,,
HT-112,,,,,,,,SHADOW GRAY,,S,,,HT-112-S-SHA,500,shopify,5,deny,manual,"14,800",,TRUE,FALSE,,https://www.nakatashoten.com/img-item/ht-04-b.gif,2,GunF alt text,FALSE,,,,,,,,,,,,,,,,https://www.nakatashoten.com/img-item/ht-01-b1.gif,g,,,
HT-112,,,,,,,,SHADOW GRAY,,M,,,HT-112-M-SHA,500,shopify,5,deny,manual,"14,800",,TRUE,FALSE,,https://www.nakatashoten.com/img-item/ht-11-b.gif,3,GunF alt text,FALSE,,,,,,,,,,,,,,,,https://www.nakatashoten.com/img-item/ht-01-b1.gif,g,,,
HT-112,,,,,,,,SHADOW GRAY,,L,,,HT-112-L-SHA,500,shopify,5,deny,manual,"14,800",,TRUE,FALSE,,https://www.nakatashoten.com/img-item/ht-02-b.gif,4,GunF alt text,FALSE,,,,,,,,,,,,,,,,https://www.nakatashoten.com/img-item/ht-01-b1.gif,g,,,
HT-112,,,,,,,,SHADOW GRAY,,XL,,,HT-112-XL-SHA,500,shopify,5,deny,manual,"14,800",,TRUE,FALSE,,https://www.nakatashoten.com/img-item/ht-05-fg-b.gif,5,GunF alt text,FALSE,,,,,,,,,,,,,,,,https://www.nakatashoten.com/img-item/ht-01-b1.gif,g,,,
HT-112,,,,,,,,TG/SG,,XS,,,HT-112-XS-TGSG,500,shopify,5,deny,manual,"14,800",,TRUE,FALSE,,https://www.nakatashoten.com/img-item/ht-05-fg-b.gif,5,GunF alt text,FALSE,,,,,,,,,,,,,,,,https://www.nakatashoten.com/img-item/ht-01-b1.gif,g,,,
HT-112,,,,,,,,TG/SG,,S,,,HT-112-S-TGSG,500,shopify,5,deny,manual,"14,800",,TRUE,FALSE,,https://www.nakatashoten.com/img-item/ht-04-b.gif,2,GunF alt text,FALSE,,,,,,,,,,,,,,,,https://www.nakatashoten.com/img-item/ht-01-b1.gif,g,,,
HT-112,,,,,,,,TG/SG,,M,,,HT-112-M-TGSG,500,shopify,5,deny,manual,"14,800",,TRUE,FALSE,,https://www.nakatashoten.com/img-item/ht-11-b.gif,3,GunF alt text,FALSE,,,,,,,,,,,,,,,,https://www.nakatashoten.com/img-item/ht-01-b1.gif,g,,,
HT-112,,,,,,,,TG/SG,,L,,,HT-112-L-TGSG,500,shopify,5,deny,manual,"14,800",,TRUE,FALSE,,https://www.nakatashoten.com/img-item/ht-02-b.gif,4,GunF alt text,FALSE,,,,,,,,,,,,,,,,https://www.nakatashoten.com/img-item/ht-01-b1.gif,g,,,
HT-112,,,,,,,,TG/SG,,XL,,,HT-112-XL-TGSG,500,shopify,5,deny,manual,"14,800",,TRUE,FALSE,,https://www.nakatashoten.com/img-item/ht-05-fg-b.gif,5,GunF alt text,FALSE,,,,,,,,,,,,,,,,https://www.nakatashoten.com/img-item/ht-01-b1.gif,g,,,
HT-113,M-65 Field Jacket,"<!DOCTYPE html>
<html>
<head>
<style>
table {
  font-family: arial, sans-serif;
  border-collapse: collapse;
  width: 85%;
}

td, th {
  border: 1px solid #dddddd;
  text-align: left;
  padding: 5px;
}

tr:nth-child(even) {
  background-color: #dddddd;
}
</style>
</head>
<body>
<div>
<table>
  <tr>
    <th>SIZE</th>
    <th>身長</th>
    <th>胸囲</th>
  </tr>
  <tr>
    <td>XS</td>
    <td>158-168cm</td>
    <td>80-88cm</td>
  </tr>
    <tr>
    <td>S</td>
    <td>162-172cm</td>
    <td>88-94cm</td>
  </tr>
    <tr>
    <td>M</td>
    <td>166-176cm</td>
    <td>94-100</td>
  </tr>
    <tr>
    <td>L</td>
    <td>170-180cm</td>
    <td>100-106cm</td>
  </tr>
    <tr>
    <td>XL</td>
    <td>174-184cm</td>
    <td>106-114cm</td>
  </tr>
</table>
</div>

<div>
<img src=https://dfr4rssi07fv7.cloudfront.net/htx/images/technology/jpg/urban-line.jpg width=""100"">
<img src=https://dfr4rssi07fv7.cloudfront.net/htx/images/technology/jpg/shark-skin-softshell.jpg width=""100"">
<img src=https://dfr4rssi07fv7.cloudfront.net/htx/images/technology/jpg/4way-elastic.jpg width=""100"">
<img src=https://dfr4rssi07fv7.cloudfront.net/htx/images/technology/jpg/du-pont-teflon.jpg width=""100"">
<img src=https://dfr4rssi07fv7.cloudfront.net/htx/images/technology/jpg/windblocker.jpg width=""100"">
<img src=https://dfr4rssi07fv7.cloudfront.net/htx/images/technology/jpg/ykk.jpg width=""100"">
</div>

<div>
<iframe width=""420"" height=""315"" src=""https://www.youtube.com/embed/kiXl9nnvws4"">
</iframe>

<figure>
  <img src=""https://www.nakatashoten.com/img-item/ht-05-b2.gif"" alt=""GunFighter"" style=""width:100%"">
  <figcaption>フードは襟裏に収納できます。</figcaption>
</figure>

<figure>
  <img src=""https://www.nakatashoten.com/img-item/ht-05-b3.gif"" alt=""GunFighter"" style=""width:100%"">
  <figcaption>フード使用。</figcaption>
</figure>

<img src=""https://www.nakatashoten.com/img-item/ht-05-b9.gif"" height=""200"">
<img src=https://www.nakatashoten.com/img-item/ht-05-b8.gif height=""200"">


</div>

</body>
</html>
",HELIKON-TEX,アウター,"HELIKON-TEX, WEAR, アウター, ジャケット",TRUE,color,BLACK,size,XS,,,HT-113-XS-BK,500,shopify,5,deny,manual,"14,800",,TRUE,FALSE,,https://www.nakatashoten.com/img-item/ht-01-b1.gif,1,GunF alt text,FALSE,ヘリコンテックス,ヘリコンテックス,Apparel & Accessories > Clothing,Unisex,Adult,7X8ABC910,T-shirts,"cotton, pre-shrunk",,FALSE,,,,,,https://www.nakatashoten.com/img-item/ht-01-b1.gif,g,,,active
HT-113,,,,,,,,BLACK,,S,,,HT-113-S-BK,500,shopify,5,deny,manual,"14,800",,TRUE,FALSE,,https://www.nakatashoten.com/img-item/ht-04-b.gif,2,GunF alt text,FALSE,,,,,,,,,,,,,,,,https://www.nakatashoten.com/img-item/ht-01-b1.gif,g,,,
HT-113,,,,,,,,BLACK,,M,,,HT-113-M-BK,500,shopify,5,deny,manual,"14,800",,TRUE,FALSE,,https://www.nakatashoten.com/img-item/ht-11-b.gif,3,GunF alt text,FALSE,,,,,,,,,,,,,,,,https://www.nakatashoten.com/img-item/ht-01-b1.gif,g,,,
HT-113,,,,,,,,BLACK,,L,,,HT-113-L-BK,500,shopify,5,deny,manual,"14,800",,TRUE,FALSE,,https://www.nakatashoten.com/img-item/ht-02-b.gif,4,GunF alt text,FALSE,,,,,,,,,,,,,,,,https://www.nakatashoten.com/img-item/ht-01-b1.gif,g,,,
HT-113,,,,,,,,BLACK,,XL,,,HT-113-XL-BK,500,shopify,5,deny,manual,"14,800",,TRUE,FALSE,,https://www.nakatashoten.com/img-item/ht-05-fg-b.gif,5,GunF alt text,FALSE,,,,,,,,,,,,,,,,https://www.nakatashoten.com/img-item/ht-01-b1.gif,g,,,
HT-113,,,,,,,,O.D. (OG-107),,XS,,,HT-113-XS-OD,500,shopify,5,deny,manual,"14,800",,TRUE,FALSE,,https://www.nakatashoten.com/img-item/ht-05-fg-b.gif,5,GunF alt text,FALSE,,,,,,,,,,,,,,,,https://www.nakatashoten.com/img-item/ht-01-b1.gif,g,,,
HT-113,,,,,,,,O.D. (OG-107),,S,,,HT-113-S-OD,500,shopify,5,deny,manual,"14,800",,TRUE,FALSE,,https://www.nakatashoten.com/img-item/ht-04-b.gif,2,GunF alt text,FALSE,,,,,,,,,,,,,,,,https://www.nakatashoten.com/img-item/ht-01-b1.gif,g,,,
HT-113,,,,,,,,O.D. (OG-107),,M,,,HT-113-M-OD,500,shopify,5,deny,manual,"14,800",,TRUE,FALSE,,https://www.nakatashoten.com/img-item/ht-11-b.gif,3,GunF alt text,FALSE,,,,,,,,,,,,,,,,https://www.nakatashoten.com/img-item/ht-01-b1.gif,g,,,
HT-113,,,,,,,,O.D. (OG-107),,L,,,HT-113-L-OD,500,shopify,5,deny,manual,"14,800",,TRUE,FALSE,,https://www.nakatashoten.com/img-item/ht-02-b.gif,4,GunF alt text,FALSE,,,,,,,,,,,,,,,,https://www.nakatashoten.com/img-item/ht-01-b1.gif,g,,,
HT-113,,,,,,,,O.D. (OG-107),,XL,,,HT-113-XL-OD,500,shopify,5,deny,manual,"14,800",,TRUE,FALSE,,https://www.nakatashoten.com/img-item/ht-05-fg-b.gif,5,GunF alt text,FALSE,,,,,,,,,,,,,,,,https://www.nakatashoten.com/img-item/ht-01-b1.gif,g,,,
HT-114,M-65 Jacket Liner,"<!DOCTYPE html>
<html>
<head>
<style>
table {
  font-family: arial, sans-serif;
  border-collapse: collapse;
  width: 85%;
}

td, th {
  border: 1px solid #dddddd;
  text-align: left;
  padding: 5px;
}

tr:nth-child(even) {
  background-color: #dddddd;
}
</style>
</head>
<body>
<div>
<table>
  <tr>
    <th>SIZE</th>
    <th>身長</th>
    <th>胸囲</th>
  </tr>
  <tr>
    <td>XS</td>
    <td>158-168cm</td>
    <td>80-88cm</td>
  </tr>
    <tr>
    <td>S</td>
    <td>162-172cm</td>
    <td>88-94cm</td>
  </tr>
    <tr>
    <td>M</td>
    <td>166-176cm</td>
    <td>94-100</td>
  </tr>
    <tr>
    <td>L</td>
    <td>170-180cm</td>
    <td>100-106cm</td>
  </tr>
    <tr>
    <td>XL</td>
    <td>174-184cm</td>
    <td>106-114cm</td>
  </tr>
</table>
</div>

<div>
<img src=https://dfr4rssi07fv7.cloudfront.net/htx/images/technology/jpg/urban-line.jpg width=""100"">
<img src=https://dfr4rssi07fv7.cloudfront.net/htx/images/technology/jpg/shark-skin-softshell.jpg width=""100"">
<img src=https://dfr4rssi07fv7.cloudfront.net/htx/images/technology/jpg/4way-elastic.jpg width=""100"">
<img src=https://dfr4rssi07fv7.cloudfront.net/htx/images/technology/jpg/du-pont-teflon.jpg width=""100"">
<img src=https://dfr4rssi07fv7.cloudfront.net/htx/images/technology/jpg/windblocker.jpg width=""100"">
<img src=https://dfr4rssi07fv7.cloudfront.net/htx/images/technology/jpg/ykk.jpg width=""100"">
</div>

<div>
<iframe width=""420"" height=""315"" src=""https://www.youtube.com/embed/kiXl9nnvws4"">
</iframe>

<figure>
  <img src=""https://www.nakatashoten.com/img-item/ht-05-b2.gif"" alt=""GunFighter"" style=""width:100%"">
  <figcaption>フードは襟裏に収納できます。</figcaption>
</figure>

<figure>
  <img src=""https://www.nakatashoten.com/img-item/ht-05-b3.gif"" alt=""GunFighter"" style=""width:100%"">
  <figcaption>フード使用。</figcaption>
</figure>

<img src=""https://www.nakatashoten.com/img-item/ht-05-b9.gif"" height=""200"">
<img src=https://www.nakatashoten.com/img-item/ht-05-b8.gif height=""200"">


</div>

</body>
</html>
",HELIKON-TEX,アウター,"HELIKON-TEX, WEAR, アウター, ジャケット",TRUE,color,BLACK,size,XS,,,HT-114-XS-BK,500,shopify,5,deny,manual,"14,800",,TRUE,FALSE,,https://www.nakatashoten.com/img-item/ht-01-b1.gif,1,GunF alt text,FALSE,ヘリコンテックス,ヘリコンテックス,Apparel & Accessories > Clothing,Unisex,Adult,7X8ABC910,T-shirts,"cotton, pre-shrunk",,FALSE,,,,,,https://www.nakatashoten.com/img-item/ht-01-b1.gif,g,,,active
HT-114,,,,,,,,BLACK,,S,,,HT-114-S-BK,500,shopify,5,deny,manual,"14,800",,TRUE,FALSE,,https://www.nakatashoten.com/img-item/ht-04-b.gif,2,GunF alt text,FALSE,,,,,,,,,,,,,,,,https://www.nakatashoten.com/img-item/ht-01-b1.gif,g,,,
HT-114,,,,,,,,BLACK,,M,,,HT-114-M-BK,500,shopify,5,deny,manual,"14,800",,TRUE,FALSE,,https://www.nakatashoten.com/img-item/ht-11-b.gif,3,GunF alt text,FALSE,,,,,,,,,,,,,,,,https://www.nakatashoten.com/img-item/ht-01-b1.gif,g,,,
HT-114,,,,,,,,BLACK,,L,,,HT-114-L-BK,500,shopify,5,deny,manual,"14,800",,TRUE,FALSE,,https://www.nakatashoten.com/img-item/ht-02-b.gif,4,GunF alt text,FALSE,,,,,,,,,,,,,,,,https://www.nakatashoten.com/img-item/ht-01-b1.gif,g,,,
HT-114,,,,,,,,BLACK,,XL,,,HT-114-XL-BK,500,shopify,5,deny,manual,"14,800",,TRUE,FALSE,,https://www.nakatashoten.com/img-item/ht-05-fg-b.gif,5,GunF alt text,FALSE,,,,,,,,,,,,,,,,https://www.nakatashoten.com/img-item/ht-01-b1.gif,g,,,
HT-114,,,,,,,,O.D. ,,XS,,,HT-114-XS-OD,500,shopify,5,deny,manual,"14,800",,TRUE,FALSE,,https://www.nakatashoten.com/img-item/ht-05-fg-b.gif,5,GunF alt text,FALSE,,,,,,,,,,,,,,,,https://www.nakatashoten.com/img-item/ht-01-b1.gif,g,,,
HT-114,,,,,,,,O.D. ,,S,,,HT-114-S-OD,500,shopify,5,deny,manual,"14,800",,TRUE,FALSE,,https://www.nakatashoten.com/img-item/ht-04-b.gif,2,GunF alt text,FALSE,,,,,,,,,,,,,,,,https://www.nakatashoten.com/img-item/ht-01-b1.gif,g,,,
HT-114,,,,,,,,O.D. ,,M,,,HT-114-M-OD,500,shopify,5,deny,manual,"14,800",,TRUE,FALSE,,https://www.nakatashoten.com/img-item/ht-11-b.gif,3,GunF alt text,FALSE,,,,,,,,,,,,,,,,https://www.nakatashoten.com/img-item/ht-01-b1.gif,g,,,
HT-114,,,,,,,,O.D. ,,L,,,HT-114-L-OD,500,shopify,5,deny,manual,"14,800",,TRUE,FALSE,,https://www.nakatashoten.com/img-item/ht-02-b.gif,4,GunF alt text,FALSE,,,,,,,,,,,,,,,,https://www.nakatashoten.com/img-item/ht-01-b1.gif,g,,,
HT-114,,,,,,,,O.D. ,,XL,,,HT-114-XL-OD,500,shopify,5,deny,manual,"14,800",,TRUE,FALSE,,https://www.nakatashoten.com/img-item/ht-05-fg-b.gif,5,GunF alt text,FALSE,,,,,,,,,,,,,,,,https://www.nakatashoten.com/img-item/ht-01-b1.gif,g,,,
HT-115,WOODSMAN ANORAK®,"<!DOCTYPE html>
<html>
<head>
<style>
table {
  font-family: arial, sans-serif;
  border-collapse: collapse;
  width: 85%;
}

td, th {
  border: 1px solid #dddddd;
  text-align: left;
  padding: 5px;
}

tr:nth-child(even) {
  background-color: #dddddd;
}
</style>
</head>
<body>
<div>
<table>
  <tr>
    <th>SIZE</th>
    <th>身長</th>
    <th>胸囲</th>
  </tr>
  <tr>
    <td>XS</td>
    <td>158-168cm</td>
    <td>80-88cm</td>
  </tr>
    <tr>
    <td>S</td>
    <td>162-172cm</td>
    <td>88-94cm</td>
  </tr>
    <tr>
    <td>M</td>
    <td>166-176cm</td>
    <td>94-100</td>
  </tr>
    <tr>
    <td>L</td>
    <td>170-180cm</td>
    <td>100-106cm</td>
  </tr>
    <tr>
    <td>XL</td>
    <td>174-184cm</td>
    <td>106-114cm</td>
  </tr>
</table>
</div>

<div>
<img src=https://dfr4rssi07fv7.cloudfront.net/htx/images/technology/jpg/urban-line.jpg width=""100"">
<img src=https://dfr4rssi07fv7.cloudfront.net/htx/images/technology/jpg/shark-skin-softshell.jpg width=""100"">
<img src=https://dfr4rssi07fv7.cloudfront.net/htx/images/technology/jpg/4way-elastic.jpg width=""100"">
<img src=https://dfr4rssi07fv7.cloudfront.net/htx/images/technology/jpg/du-pont-teflon.jpg width=""100"">
<img src=https://dfr4rssi07fv7.cloudfront.net/htx/images/technology/jpg/windblocker.jpg width=""100"">
<img src=https://dfr4rssi07fv7.cloudfront.net/htx/images/technology/jpg/ykk.jpg width=""100"">
</div>

<div>
<iframe width=""420"" height=""315"" src=""https://www.youtube.com/embed/kiXl9nnvws4"">
</iframe>

<figure>
  <img src=""https://www.nakatashoten.com/img-item/ht-05-b2.gif"" alt=""GunFighter"" style=""width:100%"">
  <figcaption>フードは襟裏に収納できます。</figcaption>
</figure>

<figure>
  <img src=""https://www.nakatashoten.com/img-item/ht-05-b3.gif"" alt=""GunFighter"" style=""width:100%"">
  <figcaption>フード使用。</figcaption>
</figure>

<img src=""https://www.nakatashoten.com/img-item/ht-05-b9.gif"" height=""200"">
<img src=https://www.nakatashoten.com/img-item/ht-05-b8.gif height=""200"">


</div>

</body>
</html>
",HELIKON-TEX,アウター,"HELIKON-TEX, WEAR, アウター, ジャケット",TRUE,color,BLACK/TG,size,S,,,HT-115-S-BKTG,500,shopify,5,deny,manual,"14,800",,TRUE,FALSE,,https://www.nakatashoten.com/img-item/ht-01-b1.gif,1,GunF alt text,FALSE,ヘリコンテックス,ヘリコンテックス,Apparel & Accessories > Clothing,Unisex,Adult,7X8ABC910,T-shirts,"cotton, pre-shrunk",,FALSE,,,,,,https://www.nakatashoten.com/img-item/ht-01-b1.gif,g,,,active
HT-115,,,,,,,,BLACK/TG,,M,,,HT-115-M-BKTG,500,shopify,5,deny,manual,"14,800",,TRUE,FALSE,,https://www.nakatashoten.com/img-item/ht-04-b.gif,2,GunF alt text,FALSE,,,,,,,,,,,,,,,,https://www.nakatashoten.com/img-item/ht-01-b1.gif,g,,,
HT-115,,,,,,,,BLACK/TG,,L,,,HT-115-L-BKTG,500,shopify,5,deny,manual,"14,800",,TRUE,FALSE,,https://www.nakatashoten.com/img-item/ht-11-b.gif,3,GunF alt text,FALSE,,,,,,,,,,,,,,,,https://www.nakatashoten.com/img-item/ht-01-b1.gif,g,,,
HT-115,,,,,,,,COYOTE/Ash-Gray,,S,,,HT-115-S-COAG,500,shopify,5,deny,manual,"14,800",,TRUE,FALSE,,https://www.nakatashoten.com/img-item/ht-02-b.gif,4,GunF alt text,FALSE,,,,,,,,,,,,,,,,https://www.nakatashoten.com/img-item/ht-01-b1.gif,g,,,
HT-115,,,,,,,,COYOTE/Ash-Gray,,M,,,HT-115-M-COAG,500,shopify,5,deny,manual,"14,800",,TRUE,FALSE,,https://www.nakatashoten.com/img-item/ht-02-b.gif,4,GunF alt text,FALSE,,,,,,,,,,,,,,,,https://www.nakatashoten.com/img-item/ht-01-b1.gif,g,,,
HT-115,,,,,,,,COYOTE/Ash-Gray,,L,,,HT-115-L-COAG,500,shopify,5,deny,manual,"14,800",,TRUE,FALSE,,https://www.nakatashoten.com/img-item/ht-02-b.gif,4,GunF alt text,FALSE,,,,,,,,,,,,,,,,https://www.nakatashoten.com/img-item/ht-01-b1.gif,g,,,
HT-115,,,,,,,,TAIGA GREEN,,S,,,HT-115-S-TG,500,shopify,5,deny,manual,"14,800",,TRUE,FALSE,,https://www.nakatashoten.com/img-item/ht-02-b.gif,4,GunF alt text,FALSE,,,,,,,,,,,,,,,,https://www.nakatashoten.com/img-item/ht-01-b1.gif,g,,,
HT-115,,,,,,,,TAIGA GREEN,,M,,,HT-115-M-TG,500,shopify,5,deny,manual,"14,800",,TRUE,FALSE,,https://www.nakatashoten.com/img-item/ht-02-b.gif,4,GunF alt text,FALSE,,,,,,,,,,,,,,,,https://www.nakatashoten.com/img-item/ht-01-b1.gif,g,,,
HT-115,,,,,,,,TAIGA GREEN,,L,,,HT-115-L-TG,500,shopify,5,deny,manual,"14,800",,TRUE,FALSE,,https://www.nakatashoten.com/img-item/ht-02-b.gif,4,GunF alt text,FALSE,,,,,,,,,,,,,,,,https://www.nakatashoten.com/img-item/ht-01-b1.gif,g,,,
HT-115,,,,,,,,COYOTE,,S,,,HT-115-S-COY,500,shopify,5,deny,manual,"14,800",,TRUE,FALSE,,https://www.nakatashoten.com/img-item/ht-02-b.gif,4,GunF alt text,FALSE,,,,,,,,,,,,,,,,https://www.nakatashoten.com/img-item/ht-01-b1.gif,g,,,
HT-115,,,,,,,,COYOTE,,M,,,HT-115-M-COY,500,shopify,5,deny,manual,"14,800",,TRUE,FALSE,,https://www.nakatashoten.com/img-item/ht-02-b.gif,4,GunF alt text,FALSE,,,,,,,,,,,,,,,,https://www.nakatashoten.com/img-item/ht-01-b1.gif,g,,,
HT-115,,,,,,,,COYOTE,,L,,,HT-115-L-COY,500,shopify,5,deny,manual,"14,800",,TRUE,FALSE,,https://www.nakatashoten.com/img-item/ht-02-b.gif,4,GunF alt text,FALSE,,,,,,,,,,,,,,,,https://www.nakatashoten.com/img-item/ht-01-b1.gif,g,,,
HT-116,PILGRIM ANORAK®,"<!DOCTYPE html>
<html>
<head>
<style>
table {
  font-family: arial, sans-serif;
  border-collapse: collapse;
  width: 85%;
}

td, th {
  border: 1px solid #dddddd;
  text-align: left;
  padding: 5px;
}

tr:nth-child(even) {
  background-color: #dddddd;
}
</style>
</head>
<body>
<div>
<table>
  <tr>
    <th>SIZE</th>
    <th>身長</th>
    <th>胸囲</th>
  </tr>
  <tr>
    <td>XS</td>
    <td>158-168cm</td>
    <td>80-88cm</td>
  </tr>
    <tr>
    <td>S</td>
    <td>162-172cm</td>
    <td>88-94cm</td>
  </tr>
    <tr>
    <td>M</td>
    <td>166-176cm</td>
    <td>94-100</td>
  </tr>
    <tr>
    <td>L</td>
    <td>170-180cm</td>
    <td>100-106cm</td>
  </tr>
    <tr>
    <td>XL</td>
    <td>174-184cm</td>
    <td>106-114cm</td>
  </tr>
</table>
</div>

<div>
<img src=https://dfr4rssi07fv7.cloudfront.net/htx/images/technology/jpg/urban-line.jpg width=""100"">
<img src=https://dfr4rssi07fv7.cloudfront.net/htx/images/technology/jpg/shark-skin-softshell.jpg width=""100"">
<img src=https://dfr4rssi07fv7.cloudfront.net/htx/images/technology/jpg/4way-elastic.jpg width=""100"">
<img src=https://dfr4rssi07fv7.cloudfront.net/htx/images/technology/jpg/du-pont-teflon.jpg width=""100"">
<img src=https://dfr4rssi07fv7.cloudfront.net/htx/images/technology/jpg/windblocker.jpg width=""100"">
<img src=https://dfr4rssi07fv7.cloudfront.net/htx/images/technology/jpg/ykk.jpg width=""100"">
</div>

<div>
<iframe width=""420"" height=""315"" src=""https://www.youtube.com/embed/kiXl9nnvws4"">
</iframe>

<figure>
  <img src=""https://www.nakatashoten.com/img-item/ht-05-b2.gif"" alt=""GunFighter"" style=""width:100%"">
  <figcaption>フードは襟裏に収納できます。</figcaption>
</figure>

<figure>
  <img src=""https://www.nakatashoten.com/img-item/ht-05-b3.gif"" alt=""GunFighter"" style=""width:100%"">
  <figcaption>フード使用。</figcaption>
</figure>

<img src=""https://www.nakatashoten.com/img-item/ht-05-b9.gif"" height=""200"">
<img src=https://www.nakatashoten.com/img-item/ht-05-b8.gif height=""200"">


</div>

</body>
</html>
",HELIKON-TEX,アウター,"HELIKON-TEX, WEAR, アウター, ジャケット",TRUE,color,BLACK,size,S,,,HT-116-S-BK,500,shopify,5,deny,manual,"14,800",,TRUE,FALSE,,https://www.nakatashoten.com/img-item/ht-01-b1.gif,1,GunF alt text,FALSE,ヘリコンテックス,ヘリコンテックス,Apparel & Accessories > Clothing,Unisex,Adult,7X8ABC910,T-shirts,"cotton, pre-shrunk",,FALSE,,,,,,https://www.nakatashoten.com/img-item/ht-01-b1.gif,g,,,active
HT-116,,,,,,,,BLACK,,M,,,HT-116-M-BK,500,shopify,5,deny,manual,"14,800",,TRUE,FALSE,,https://www.nakatashoten.com/img-item/ht-04-b.gif,2,GunF alt text,FALSE,,,,,,,,,,,,,,,,https://www.nakatashoten.com/img-item/ht-01-b1.gif,g,,,
HT-116,,,,,,,,BLACK,,L,,,HT-116-L-BK,500,shopify,5,deny,manual,"14,800",,TRUE,FALSE,,https://www.nakatashoten.com/img-item/ht-11-b.gif,3,GunF alt text,FALSE,,,,,,,,,,,,,,,,https://www.nakatashoten.com/img-item/ht-01-b1.gif,g,,,
HT-116,,,,,,,,BLACK,,XL,,,HT-116-XL-BK,500,shopify,5,deny,manual,"14,800",,TRUE,FALSE,,https://www.nakatashoten.com/img-item/ht-02-b.gif,4,GunF alt text,FALSE,,,,,,,,,,,,,,,,https://www.nakatashoten.com/img-item/ht-01-b1.gif,g,,,
HT-116,,,,,,,,TAIGA GREEN,,S,,,HT-116-S-TG,500,shopify,5,deny,manual,"14,800",,TRUE,FALSE,,https://www.nakatashoten.com/img-item/ht-02-b.gif,4,GunF alt text,FALSE,,,,,,,,,,,,,,,,https://www.nakatashoten.com/img-item/ht-01-b1.gif,g,,,
HT-116,,,,,,,,TAIGA GREEN,,M,,,HT-116-M-TG,500,shopify,5,deny,manual,"14,800",,TRUE,FALSE,,https://www.nakatashoten.com/img-item/ht-02-b.gif,4,GunF alt text,FALSE,,,,,,,,,,,,,,,,https://www.nakatashoten.com/img-item/ht-01-b1.gif,g,,,
HT-116,,,,,,,,TAIGA GREEN,,L,,,HT-116-L-TG,500,shopify,5,deny,manual,"14,800",,TRUE,FALSE,,https://www.nakatashoten.com/img-item/ht-02-b.gif,4,GunF alt text,FALSE,,,,,,,,,,,,,,,,https://www.nakatashoten.com/img-item/ht-01-b1.gif,g,,,
HT-116,,,,,,,,TAIGA GREEN,,XL,,,HT-116-XL-TG,500,shopify,5,deny,manual,"14,800",,TRUE,FALSE,,https://www.nakatashoten.com/img-item/ht-02-b.gif,4,GunF alt text,FALSE,,,,,,,,,,,,,,,,https://www.nakatashoten.com/img-item/ht-01-b1.gif,g,,,
HT-116,,,,,,,,COYOTE,,S,,,HT-116-S-COY,500,shopify,5,deny,manual,"14,800",,TRUE,FALSE,,https://www.nakatashoten.com/img-item/ht-02-b.gif,4,GunF alt text,FALSE,,,,,,,,,,,,,,,,https://www.nakatashoten.com/img-item/ht-01-b1.gif,g,,,
HT-116,,,,,,,,COYOTE,,M,,,HT-116-M-COY,500,shopify,5,deny,manual,"14,800",,TRUE,FALSE,,https://www.nakatashoten.com/img-item/ht-02-b.gif,4,GunF alt text,FALSE,,,,,,,,,,,,,,,,https://www.nakatashoten.com/img-item/ht-01-b1.gif,g,,,
HT-116,,,,,,,,COYOTE,,L,,,HT-116-L-COY,500,shopify,5,deny,manual,"14,800",,TRUE,FALSE,,https://www.nakatashoten.com/img-item/ht-02-b.gif,4,GunF alt text,FALSE,,,,,,,,,,,,,,,,https://www.nakatashoten.com/img-item/ht-01-b1.gif,g,,,
HT-116,,,,,,,,COYOTE,,XL,,,HT-116-XL-COY,500,shopify,5,deny,manual,"14,800",,TRUE,FALSE,,https://www.nakatashoten.com/img-item/ht-02-b.gif,4,GunF alt text,FALSE,,,,,,,,,,,,,,,,https://www.nakatashoten.com/img-item/ht-01-b1.gif,g,,,