Handle,Title,Body (HTML),Vendor,Product Category,Type,Tags,Published,Option1 Name,Option1 Value,Option2 Name,Option2 Value,Option3 Name,Option3 Value,Variant SKU,Variant Grams,Variant Inventory Tracker,Variant Inventory Qty,Variant Inventory Policy,Variant Fulfillment Service,Variant Price,Variant Compare At Price,Variant Requires Shipping,Variant Taxable,Variant Barcode,Image Src,Image Position,Image Alt Text,Gift Card,SEO Title,SEO Description,Google Shopping / Google Product Category,Google Shopping / Gender,Google Shopping / Age Group,Google Shopping / MPN,Google Shopping / AdWords Grouping,Google Shopping / AdWords Labels,Google Shopping / Condition,Google Shopping / Custom Product,Google Shopping / Custom Label 0,Google Shopping / Custom Label 1,Google Shopping / Custom Label 2,Google Shopping / Custom Label 3,Google Shopping / Custom Label 4,Variant Image,Variant Weight Unit,Variant Tax Code,Cost per item,Status
naturalgear-caphat-baseballcap-natural,BASEBALL CAP NATURAL 刺繍なし,"<p>NATURAL GEARは、二人の兄弟のハンターによって、アーカンソー州で設立されたハンティング衣料のブランドです。二人は、狩猟の場となる環境の写真をもとに、そこで主となる色・形状・縦方向のパターンから迷彩Colorをデザインし、幾度ものテスト・改良をくりかえしながら独自のハンティング迷彩を作り上げました。1994年に発表された季節・場所を選ばず背景に溶け込む ”NATURAL"" 迷彩Colorはハンターの間で大きな反響をまきおこし、高品質な製品とともに、今日のアメリカのハンティング衣料をリードするブランドとなっています。</p>",NATURAL GEAR,,CAPS/HATS,"cap, hat, NATURAL GEAR, キャップ, ナチュラルギア, ハット, ベースボールキャップ, 刺繍なし, 帽子",true,Title,Default Title,,,,,NR-111,0.0,shopify,50,deny,manual,2500,,true,true,,https://cdn.shopify.com/s/files/1/0331/5282/7529/products/nr-111-b.gif?v=1588747219,1,,false,,"NATURAL GEARは、二人の兄弟のハンターによって、アーカンソー州で設立されたハンティング衣料のブランドです。二人は、狩猟の場となる環境の写真をもとに、そこで主となる色・形状・縦方向のパターンから迷彩Colorをデザインし、幾度ものテスト・改良をくりかえしながら独自のハンティング迷彩を作り上げました。1994年に発表された季節・場所を選ばず背景に溶け込む ”NATURAL"" 迷彩Colorはハンターの間で大きな反響をまきおこし、高品質な製品とともに、今日のアメリカのハンティング衣料をリードするブランドとなっています。",,,,,,,,,,,,,,https://cdn.shopify.com/s/files/1/0331/5282/7529/products/nr-111-b.gif?v=1588747219,kg,,,active
naturalgear-caphat-baseballcap-natural,,,,,,,,,,,,,,,,,,,,,,,,,https://cdn.shopify.com/s/files/1/0331/5282/7529/products/f-us02.gif?v=1588747219,2,,,,,,,,,,,,,,,,,,,,,,
naturalgear-caphat-baseballcap-natural,,,,,,,,,,,,,,,,,,,,,,,,,https://cdn.shopify.com/s/files/1/0331/5282/7529/products/logo-natural-gear.gif?v=1588747219,3,,,,,,,,,,,,,,,,,,,,,,
naturalgear-caphat-baseballcap-natural-patch,BASEBALL CAP NATURAL 刺繍入り,"<p>NATURAL GEARは、二人の兄弟のハンターによって、アーカンソー州で設立されたハンティング衣料のブランドです。二人は、狩猟の場となる環境の写真をもとに、そこで主となる色・形状・縦方向のパターンから迷彩Colorをデザインし、幾度ものテスト・改良をくりかえしながら独自のハンティング迷彩を作り上げました。1994年に発表された季節・場所を選ばず背景に溶け込む ”NATURAL"" 迷彩Colorはハンターの間で大きな反響をまきおこし、高品質な製品とともに、今日のアメリカのハンティング衣料をリードするブランドとなっています。</p>",NATURAL GEAR,,CAPS/HATS,"cap, Natural Gear, キャップ, ナチュラルギア, ベースボールキャップ, 刺繍, 帽子",true,Title,Default Title,,,,,NR-111-E,0.0,shopify,50,deny,manual,2800,,true,true,,https://cdn.shopify.com/s/files/1/0331/5282/7529/products/nr-111-e-b.gif?v=1588747229,1,,false,,フリーSize,,,,,,,,,,,,,,https://cdn.shopify.com/s/files/1/0331/5282/7529/products/nr-111-e-b.gif?v=1588747229,kg,,,active
naturalgear-caphat-baseballcap-natural-patch,,,,,,,,,,,,,,,,,,,,,,,,,https://cdn.shopify.com/s/files/1/0331/5282/7529/products/f-us02_6e6f7b73-6b23-4570-9f9a-2de4305b284a.gif?v=1588747229,2,,,,,,,,,,,,,,,,,,,,,,
naturalgear-caphat-baseballcap-natural-patch,,,,,,,,,,,,,,,,,,,,,,,,,https://cdn.shopify.com/s/files/1/0331/5282/7529/products/logo-natural-gear_dfd41314-358b-47d3-b98e-58d8ebe481ba.gif?v=1588747229,3,,,,,,,,,,,,,,,,,,,,,,
helikontex-caphat-baseballcap-mesh,BASEBALL MESH CAP,<p>HELIKON-TEX（ヘリコンテックス）は、1983年にポーランドのサープラス業者を前身として創業された会社です。現在は、ヨーロッパを中心に世界中にミリタリー衣料・装備をプロからファッションのマーケットまで供給するブランドです。</p>,Helikon-Tex,,CAPS/HATS,"baseball cap, BASEBALL MESH, BLACK, CAMO GROM, COYOTE BROWN, helikon, helikontex, O.D, OD, tex, キャップ, ヘリコンテックス, ベースボールキャプ, 帽子",true,Color,BLACK,,,,,HT-331,0.0,shopify,50,deny,manual,2000,,true,true,,https://cdn.shopify.com/s/files/1/0331/5282/7529/products/ht-331-b.gif?v=1588747304,1,,false,,HELIKON-TEX（ヘリコンテックス）は、1983年にポーランドのサープラス業者を前身として創業された会社です。現在は、ヨーロッパを中心に世界中にミリタリー衣料・装備をプロからファッションのマーケットまで供給するブランドです。,,,,,,,,,,,,,,https://cdn.shopify.com/s/files/1/0331/5282/7529/products/ht-331-b.gif?v=1588747304,kg,,,active
helikontex-caphat-baseballcap-mesh,,,,,,,,,O.D.,,,,,HT-332,0.0,shopify,50,deny,manual,2000,,true,true,,https://cdn.shopify.com/s/files/1/0331/5282/7529/products/ht-332-b1.gif?v=1588747304,2,,,,,,,,,,,,,,,,,,https://cdn.shopify.com/s/files/1/0331/5282/7529/products/ht-332-b1.gif?v=1588747304,kg,,,
helikontex-caphat-baseballcap-mesh,,,,,,,,,COYOTE BROWN,,,,,HT-333,0.0,shopify,50,deny,manual,2000,,true,true,,https://cdn.shopify.com/s/files/1/0331/5282/7529/products/ht-333-b.gif?v=1588747304,3,,,,,,,,,,,,,,,,,,https://cdn.shopify.com/s/files/1/0331/5282/7529/products/ht-333-b.gif?v=1588747304,kg,,,
helikontex-caphat-baseballcap-mesh,,,,,,,,,CAMO GROM,,,,,HT-334,0.0,shopify,50,deny,manual,2000,,true,true,,https://cdn.shopify.com/s/files/1/0331/5282/7529/products/ht-334-b.gif?v=1588747304,4,,,,,,,,,,,,,,,,,,https://cdn.shopify.com/s/files/1/0331/5282/7529/products/ht-334-b.gif?v=1588747304,kg,,,
helikontex-caphat-baseballcap-mesh,,,,,,,,,,,,,,,,,,,,,,,,,https://cdn.shopify.com/s/files/1/0331/5282/7529/products/ht-332-b2.gif?v=1588747304,5,,,,,,,,,,,,,,,,,,,,,,
helikontex-caphat-baseballcap-mesh,,,,,,,,,,,,,,,,,,,,,,,,,https://cdn.shopify.com/s/files/1/0331/5282/7529/products/ht-332-b3.gif?v=1588747304,6,,,,,,,,,,,,,,,,,,,,,,
arktis-caphat-bushhat2,ARKTIS ブッシュハット TYPEII,"",ARKTIS,,CAPS/HATS,"ARKTIS, beige, coyote, hat, tan, アークティス, ハット, ブッシュハット, ベージュ, 帽子",true,Color,BEIGE,Size,M=56-57cm,,,AR-HAT-51,0.0,shopify,50,deny,manual,2800,,true,true,,https://cdn.shopify.com/s/files/1/0331/5282/7529/products/ar-hat-51-b1_fa279a7f-728d-491d-90b8-0ed9502e8e52.gif?v=1588747355,1,,false,,,,,,,,,,,,,,,,https://cdn.shopify.com/s/files/1/0331/5282/7529/products/ar-hat-51-b1_fa279a7f-728d-491d-90b8-0ed9502e8e52.gif?v=1588747355,kg,,,active
arktis-caphat-bushhat2,,,,,,,,,BEIGE,,L=58-59cm,,,AR-HAT-51,0.0,shopify,50,deny,manual,2800,,true,true,,https://cdn.shopify.com/s/files/1/0331/5282/7529/products/ar-hat-54-b_bb1f7e31-8502-47d1-b5ed-bac7de8c5241.gif?v=1588747355,2,,,,,,,,,,,,,,,,,,https://cdn.shopify.com/s/files/1/0331/5282/7529/products/ar-hat-51-b1_fa279a7f-728d-491d-90b8-0ed9502e8e52.gif?v=1588747355,kg,,,
arktis-caphat-bushhat2,,,,,,,,,TAN,,M=56-57cm,,,AR-HAT-54,0.0,shopify,50,deny,manual,2800,,true,true,,https://cdn.shopify.com/s/files/1/0331/5282/7529/products/ar-hat-53-b.gif?v=1588747355,3,,,,,,,,,,,,,,,,,,https://cdn.shopify.com/s/files/1/0331/5282/7529/products/ar-hat-54-b_bb1f7e31-8502-47d1-b5ed-bac7de8c5241.gif?v=1588747355,kg,,,
arktis-caphat-bushhat2,,,,,,,,,TAN,,L=58-59cm,,,AR-HAT-54,0.0,shopify,50,deny,manual,2800,,true,true,,https://cdn.shopify.com/s/files/1/0331/5282/7529/products/ar-hat-51-b2.gif?v=1588747355,4,,,,,,,,,,,,,,,,,,https://cdn.shopify.com/s/files/1/0331/5282/7529/products/ar-hat-54-b_bb1f7e31-8502-47d1-b5ed-bac7de8c5241.gif?v=1588747355,kg,,,
arktis-caphat-bushhat2,,,,,,,,,COYOTE,,M=56-57cm,,,AR-HAT-53,0.0,shopify,50,deny,manual,2800,,true,true,,https://cdn.shopify.com/s/files/1/0331/5282/7529/products/f-uk02.gif?v=1588747355,5,,,,,,,,,,,,,,,,,,https://cdn.shopify.com/s/files/1/0331/5282/7529/products/ar-hat-53-b.gif?v=1588747355,kg,,,
arktis-caphat-bushhat2,,,,,,,,,COYOTE,,L=58-59cm,,,AR-HAT-53,0.0,shopify,50,deny,manual,2800,,true,true,,https://cdn.shopify.com/s/files/1/0331/5282/7529/products/logo-arktis.gif?v=1588747355,6,,,,,,,,,,,,,,,,,,https://cdn.shopify.com/s/files/1/0331/5282/7529/products/ar-hat-53-b.gif?v=1588747355,kg,,,
truspec-caphat-booniehat-navydigital,Boonie Hat ブーニーハット NAVY DIGITAL,"",TRU-SPEC,,CAPS/HATS,"Boonie Hat, hat, navy digital, TRU-SPEC, トゥルースペック, ネイビーデジタル, ハット, ブーニーハット, 帽子",true,Size,7 1/4=M,,,,,A-680-ND,0.0,shopify,50,deny,manual,2800,,true,true,,https://cdn.shopify.com/s/files/1/0331/5282/7529/products/a-680-nd-b.gif?v=1588747359,1,,false,,,,,,,,,,,,,,,,https://cdn.shopify.com/s/files/1/0331/5282/7529/products/a-680-nd-b.gif?v=1588747359,kg,,,active
truspec-caphat-booniehat-navydigital,,,,,,,,,7 1/2=L,,,,,A-680-ND,0.0,shopify,50,deny,manual,2800,,true,true,,,,,,,,,,,,,,,,,,,,,https://cdn.shopify.com/s/files/1/0331/5282/7529/products/a-680-nd-b.gif?v=1588747359,kg,,,
alpha-leatherjacket-cwu45p-black,ALPHA INDUSTRIES アルファ CWU-45P BLACK,"<p>ALPHAはMA-1 CWU-45P,CWU-36P,N-2B,N-3B,M-65フィールドジャケット,ECWCSパーカーなどで有名です</p>",ALPHA,,LEATHER JACKETS,"ALPHA, Black, cwu-36p/cwu-45p, Leather jacket, LEATHER JACKETS, アウター, アルファ, フライトジャケット, フライトジャケットその他, 革ジャンパー, 黒",true,Color,BLACK,Size,S,,,AL-201-BK,0.0,shopify,50,deny,manual,43000,,true,true,,https://cdn.shopify.com/s/files/1/0331/5282/7529/products/al-201-bk-b1_b096013f-fc7b-41c0-b4d0-c1feef0ef467.gif?v=1588747491,1,,false,,"ALPHAはMA-1 CWU-45P,CWU-36P,N-2B,N-3B,M-65フィールドジャケット,ECWCSパーカーなどで有名です",,,,,,,,,,,,,,https://cdn.shopify.com/s/files/1/0331/5282/7529/products/al-201-bk-b1_b096013f-fc7b-41c0-b4d0-c1feef0ef467.gif?v=1588747491,kg,,,active
alpha-leatherjacket-cwu45p-black,,,,,,,,,BLACK,,M,,,AL-201-BK,0.0,shopify,50,deny,manual,43000,,true,true,,https://cdn.shopify.com/s/files/1/0331/5282/7529/products/al-201-bk-b2_eb30667c-5e0e-4e70-9f1f-e6b3bb852592.gif?v=1588747491,2,,,,,,,,,,,,,,,,,,https://cdn.shopify.com/s/files/1/0331/5282/7529/products/al-201-bk-b1_b096013f-fc7b-41c0-b4d0-c1feef0ef467.gif?v=1588747491,kg,,,
alpha-leatherjacket-cwu45p-black,,,,,,,,,,,,,,,,,,,,,,,,,https://cdn.shopify.com/s/files/1/0331/5282/7529/products/al-201-bk-b3_ca6e36ca-1735-4654-91be-b779eed0ecb0.gif?v=1588747491,3,,,,,,,,,,,,,,,,,,,,,,
alpha-leatherjacket-cwu45p-black,,,,,,,,,,,,,,,,,,,,,,,,,https://cdn.shopify.com/s/files/1/0331/5282/7529/products/al-201-bk-b6_9fe4d53b-9212-4b8a-bd7b-f98d5470a592.gif?v=1588747491,4,,,,,,,,,,,,,,,,,,,,,,
alpha-leatherjacket-cwu45p-black,,,,,,,,,,,,,,,,,,,,,,,,,https://cdn.shopify.com/s/files/1/0331/5282/7529/products/al-201-bk-b7.gif?v=1588747491,5,,,,,,,,,,,,,,,,,,,,,,
alpha-leatherjacket-cwu45p-black,,,,,,,,,,,,,,,,,,,,,,,,,https://cdn.shopify.com/s/files/1/0331/5282/7529/products/al-201-bk-b8.gif?v=1588747491,6,,,,,,,,,,,,,,,,,,,,,,
schott-leatherjacket-singleriders,#241XX ラム皮革 シングルライダース BLACK,<p>ショット社の創業は1913年です</p>,SCHOTT,,LEATHER JACKETS,"leather jacket, LEATHER JACKETS, SCHOTT, single riders, アウター, ショット, シングルライダース, ジャケット, ライダース",true,Size,36,,,,,SC-83,0.0,shopify,50,deny,manual,89000,,true,true,,https://cdn.shopify.com/s/files/1/0331/5282/7529/products/sc-83-b1_437ec6c2-1fcf-4ab6-ad97-2db1244396b8.gif?v=1588747566,1,,false,,ショット社は創業1913年です,,,,,,,,,,,,,,https://cdn.shopify.com/s/files/1/0331/5282/7529/products/sc-83-b1_437ec6c2-1fcf-4ab6-ad97-2db1244396b8.gif?v=1588747566,kg,,,active
schott-leatherjacket-singleriders,,,,,,,,,38,,,,,SC-83,0.0,shopify,50,deny,manual,89000,,true,true,,https://cdn.shopify.com/s/files/1/0331/5282/7529/products/sc-83-b2_5001474c-2f02-4af2-a959-fe69778f0966.gif?v=1588747566,2,,,,,,,,,,,,,,,,,,https://cdn.shopify.com/s/files/1/0331/5282/7529/products/sc-83-b1_437ec6c2-1fcf-4ab6-ad97-2db1244396b8.gif?v=1588747566,kg,,,
schott-leatherjacket-singleriders,,,,,,,,,,,,,,,,,,,,,,,,,https://cdn.shopify.com/s/files/1/0331/5282/7529/products/sc-83-b3_e2bd901f-5c2b-4b36-be33-8751a33eb099.gif?v=1588747566,3,,,,,,,,,,,,,,,,,,,,,,
schott-leatherjacket-singleriders,,,,,,,,,,,,,,,,,,,,,,,,,https://cdn.shopify.com/s/files/1/0331/5282/7529/products/sc-83-b4.gif?v=1588747566,4,,,,,,,,,,,,,,,,,,,,,,
schott-leatherjacket-ridersjacket,#228 ラム皮革 ライダースジャケット BLACK,<p>ショット社の創業は1913年です</p>,SCHOTT,,LEATHER JACKETS,"leather jacket, LEATHER JACKETS, riders jacket, SCHOTT, アウター, ショット, ジャケット, ライダース, ライダースジャケット",true,Size,36,,,,,SC-81-36,0.0,shopify,50,deny,manual,89000,,true,true,,https://cdn.shopify.com/s/files/1/0331/5282/7529/products/sc-81-b1.gif?v=1645695156,1,,false,,ショット社は創業1913年です,,,,,,,,,,,,,,https://cdn.shopify.com/s/files/1/0331/5282/7529/products/sc-81-b1.gif?v=1645695156,kg,,,active
schott-leatherjacket-ridersjacket,,,,,,,,,38,,,,,SC-81-38,0.0,shopify,50,deny,manual,89000,,true,true,,https://cdn.shopify.com/s/files/1/0331/5282/7529/products/sc-81-b2.gif?v=1645695156,2,,,,,,,,,,,,,,,,,,https://cdn.shopify.com/s/files/1/0331/5282/7529/products/sc-81-b1.gif?v=1645695156,kg,,,
schott-leatherjacket-ridersjacket,,,,,,,,,,,,,,,,,,,,,,,,,https://cdn.shopify.com/s/files/1/0331/5282/7529/products/sc-81-b3.gif?v=1645695156,3,,,,,,,,,,,,,,,,,,,,,,
schott-leatherjacket-ridersjacket,,,,,,,,,,,,,,,,,,,,,,,,,https://cdn.shopify.com/s/files/1/0331/5282/7529/products/sc-81-b4.gif?v=1645695156,4,,,,,,,,,,,,,,,,,,,,,,
japan-jacket-n297,98式軍衣 上下セット,<p>襟章：一等兵は実物です</p>,日本陸海軍,,日本陸海軍 軍装 装備品,"98式, ジャケット, パイロット, ユニフォーム, 戦争, 日本軍, 日本陸海軍 軍装 装備品, 特攻隊, 第二次世界大戦, 装備品, 軍用, 軍衣",true,Size,M(中),,,,,N-297,0.0,shopify,50,deny,manual,18000,,true,true,,https://cdn.shopify.com/s/files/1/0331/5282/7529/products/n-297-b1.gif?v=1588747776,1,,false,,,,,,,,,,,,,,,,https://cdn.shopify.com/s/files/1/0331/5282/7529/products/n-297-b1.gif?v=1588747776,kg,,,active
japan-jacket-n297,,,,,,,,,L(大),,,,,N-297,0.0,shopify,50,deny,manual,18000,,true,true,,https://cdn.shopify.com/s/files/1/0331/5282/7529/products/n-297-b2.gif?v=1588747776,2,,,,,,,,,,,,,,,,,,https://cdn.shopify.com/s/files/1/0331/5282/7529/products/n-297-b1.gif?v=1588747776,kg,,,
japan-jacket-n297,,,,,,,,,,,,,,,,,,,,,,,,,https://cdn.shopify.com/s/files/1/0331/5282/7529/products/n-297-b3.gif?v=1588747776,3,,,,,,,,,,,,,,,,,,,,,,
valleyapparel-jacket-ma1,1980’s MA-1 BASIC,<p>VALLERY APPAREL L.L.C. バレーアパレル　米軍コントラクター（納入業者） アメリカ テネシー州ノックスビルに位置する米軍衣料を生産供給しているコントラクター。同工場は（MA-1 CWU-45P ECWCS他)米軍防寒被服の製造コントラクターとして40年以上携わっている。</p>,VALLEY APPAREL L.L.C.,,JACKETS/ VALLEY APPAREL L.L.C,"black, MA-1, navy, O.D, od, SAGE GREEN, Valley Apparel L.L.C., ジャケット, セージグリーン, バレーアパレル, フライトジャケット",true,Color,SAGE GREEN,Size,XS,,,VA-101,0.0,shopify,50,deny,manual,18800,,true,true,,https://cdn.shopify.com/s/files/1/0331/5282/7529/products/va-101-b1.gif?v=1588748196,1,,false,Valley Apparel L.L.C. 1980’s MA-1 BASIC,VALLERY APPAREL L.L.C. バレーアパレル　米軍コントラクター（納入業者） アメリカ テネシー州ノックスビルに位置する米軍衣料を生産供給しているコントラクター。同工場は（MA-1 CWU-45P ECWCS他)米軍防寒被服の製造コントラクターとして40年以上携わっている。,,,,,,,,,,,,,,https://cdn.shopify.com/s/files/1/0331/5282/7529/products/va-101-b1.gif?v=1588748196,kg,,,active
valleyapparel-jacket-ma1,,,,,,,,,SAGE GREEN,,S,,,VA-101,0.0,shopify,50,deny,manual,18800,,true,true,,https://cdn.shopify.com/s/files/1/0331/5282/7529/products/va-101-b2.gif?v=1588748196,2,,,,,,,,,,,,,,,,,,https://cdn.shopify.com/s/files/1/0331/5282/7529/products/va-101-b1.gif?v=1588748196,kg,,,
valleyapparel-jacket-ma1,,,,,,,,,NAVY,,XS,,,VA-102,0.0,shopify,50,deny,manual,18800,,true,true,,https://cdn.shopify.com/s/files/1/0331/5282/7529/products/va-101-b3.gif?v=1588748196,3,,,,,,,,,,,,,,,,,,https://cdn.shopify.com/s/files/1/0331/5282/7529/products/va-102-b.gif?v=1588748196,kg,,,
valleyapparel-jacket-ma1,,,,,,,,,NAVY,,S,,,VA-102,0.0,shopify,50,deny,manual,18800,,true,true,,https://cdn.shopify.com/s/files/1/0331/5282/7529/products/va-102-b.gif?v=1588748196,4,,,,,,,,,,,,,,,,,,https://cdn.shopify.com/s/files/1/0331/5282/7529/products/va-102-b.gif?v=1588748196,kg,,,
valleyapparel-jacket-ma1,,,,,,,,,BLACK,,XS,,,VA-103,0.0,shopify,50,deny,manual,18800,,true,true,,https://cdn.shopify.com/s/files/1/0331/5282/7529/products/va-103-b.gif?v=1588748196,5,,,,,,,,,,,,,,,,,,https://cdn.shopify.com/s/files/1/0331/5282/7529/products/va-103-b.gif?v=1588748196,kg,,,
valleyapparel-jacket-ma1,,,,,,,,,BLACK,,S,,,VA-103,0.0,shopify,50,deny,manual,18800,,true,true,,,,,,,,,,,,,,,,,,,,,https://cdn.shopify.com/s/files/1/0331/5282/7529/products/va-103-b.gif?v=1588748196,kg,,,
avirex-jacket-leatherjacket-g1-brown,AVIREX  アヴィレックス TYPE G-1 BROWN,"",AVIREX,,JACKETS/ LEATHER JACKETS/ AVIREX,"AVIREX, G-1, jacket, leather jacket, LEATHER JACKETS, アウター, アヴィレックス, ジャケット, フライトジャケット, フライトジャケットその他",true,Size,36 (165cm),,,,,AV-91,0.0,shopify,50,deny,manual,68000,,true,true,,https://cdn.shopify.com/s/files/1/0331/5282/7529/products/av-91-b1.gif?v=1588748240,1,,false,,,,,,,,,,,,,,,,https://cdn.shopify.com/s/files/1/0331/5282/7529/products/av-91-b1.gif?v=1588748240,kg,,,active
avirex-jacket-leatherjacket-g1-brown,,,,,,,,,38 (170cm),,,,,AV-91,0.0,shopify,50,deny,manual,68000,,true,true,,https://cdn.shopify.com/s/files/1/0331/5282/7529/products/av-91-b2.gif?v=1588748240,2,,,,,,,,,,,,,,,,,,https://cdn.shopify.com/s/files/1/0331/5282/7529/products/av-91-b1.gif?v=1588748240,kg,,,
avirex-jacket-leatherjacket-g1-brown,,,,,,,,,,,,,,,,,,,,,,,,,https://cdn.shopify.com/s/files/1/0331/5282/7529/products/av-91-b3.gif?v=1588748240,3,,,,,,,,,,,,,,,,,,,,,,
avirex-jacket-leatherjacket-g1-brown,,,,,,,,,,,,,,,,,,,,,,,,,https://cdn.shopify.com/s/files/1/0331/5282/7529/products/av-91-b4.gif?v=1588748240,4,,,,,,,,,,,,,,,,,,,,,,
avirex-jacket-leatherjacket-g1patch-brown,AVIREX  アヴィレックス TYPE G-1 ワッペン付き BROWN,"",AVIREX,,JACKETS/ LEATHER JACKETS/ AVIREX,"AVIREX, G-1, jacket, jacket leather, LEATHER JACKETS, アウター, アヴィレックス, ジャケット, パッチ付き, フライトジャケット, フライトジャケットその他",true,Size,36 (165cm),,,,,AV-92,0.0,shopify,50,deny,manual,75000,,true,true,,https://cdn.shopify.com/s/files/1/0331/5282/7529/products/av-92-b1.gif?v=1588748248,1,,false,,,,,,,,,,,,,,,,https://cdn.shopify.com/s/files/1/0331/5282/7529/products/av-92-b1.gif?v=1588748248,kg,,,active
avirex-jacket-leatherjacket-g1patch-brown,,,,,,,,,38 (170cm),,,,,AV-92,0.0,shopify,50,deny,manual,75000,,true,true,,https://cdn.shopify.com/s/files/1/0331/5282/7529/products/av-92-b2.gif?v=1588748248,2,,,,,,,,,,,,,,,,,,https://cdn.shopify.com/s/files/1/0331/5282/7529/products/av-92-b1.gif?v=1588748248,kg,,,
avirex-jacket-leatherjacket-g1patch-brown,,,,,,,,,,,,,,,,,,,,,,,,,https://cdn.shopify.com/s/files/1/0331/5282/7529/products/av-91-b3_51cfbc26-21e9-4f65-a50a-0d24e97a8a40.gif?v=1588748248,3,,,,,,,,,,,,,,,,,,,,,,
avirex-jacket-ma1,AVIREX アヴィレックス  TYPE MA-1,<p>ASIAN FIT 女性にもおススメします</p>,AVIREX,,JACKETS/ フライトJACKETS / AVIREX,"AVIREX, MA-1, navy, sage green, アヴィレックス, セージ グリーン, フライトジャケット",true,Color,SAGE GREEN,Size,M(実寸XS)=身長 : 158-168cm 胸囲 : 78-88cmX,,,AV-81,0.0,shopify,50,deny,manual,18000,,true,true,,https://cdn.shopify.com/s/files/1/0331/5282/7529/products/av-81-b1.gif?v=1588748256,1,,false,,ASIAN FIT 女性にもおススメします,,,,,,,,,,,,,,https://cdn.shopify.com/s/files/1/0331/5282/7529/products/av-81-b1.gif?v=1588748256,kg,,,active
avirex-jacket-ma1,,,,,,,,,SAGE GREEN,,L(実寸S)=身長 : 163cm-173胸囲 : 83-93cm,,,AV-81,0.0,shopify,50,deny,manual,18000,,true,true,,https://cdn.shopify.com/s/files/1/0331/5282/7529/products/av-81-b2.gif?v=1588748256,2,,,,,,,,,,,,,,,,,,https://cdn.shopify.com/s/files/1/0331/5282/7529/products/av-81-b1.gif?v=1588748256,kg,,,
avirex-jacket-ma1,,,,,,,,,NAVY,,M(実寸XS)=身長 : 158-168cm 胸囲 : 78-88cmX,,,AV-82,0.0,shopify,50,deny,manual,18000,,true,true,,https://cdn.shopify.com/s/files/1/0331/5282/7529/products/av-82-b.gif?v=1588748256,3,,,,,,,,,,,,,,,,,,https://cdn.shopify.com/s/files/1/0331/5282/7529/products/av-82-b.gif?v=1588748256,kg,,,
avirex-jacket-ma1,,,,,,,,,NAVY,,L(実寸S)=身長 : 163cm-173胸囲 : 83-93cm,,,AV-82,0.0,shopify,50,deny,manual,18000,,true,true,,,,,,,,,,,,,,,,,,,,,https://cdn.shopify.com/s/files/1/0331/5282/7529/products/av-82-b.gif?v=1588748256,kg,,,
avirex-jacket-ma1commerciallogo,AVIREX アヴィレックス  TYPE MA-1  COMMERCIAL LOGO,<p>ASIAN FIT 女性にもおススメします</p>,AVIREX,,JACKETS/ フライトJACKETS / AVIREX,"AVIREX, black, COMMERCIAL LOGO, MA-1, O.D, od, sage green, アヴィレックス, グリーン, コマーシャルロゴ, セージグリーン, フライトジャケット, 背中パッチ, 背中ロゴ, 背中ワッペン",true,Color,SAGE GREEN,Size,M(実寸XS)=身長 : 158-168cm 胸囲 : 78-88cmX,,,AV-61,0.0,shopify,50,deny,manual,26800,,true,true,,https://cdn.shopify.com/s/files/1/0331/5282/7529/products/av-61-b1.gif?v=1588748266,1,,false,,ASIAN FIT 女性にもおススメします,,,,,,,,,,,,,,https://cdn.shopify.com/s/files/1/0331/5282/7529/products/av-61-b1.gif?v=1588748266,kg,,,active
avirex-jacket-ma1commerciallogo,,,,,,,,,SAGE GREEN,,L(実寸S)=身長 : 163cm-173胸囲 : 83-93cm,,,AV-61,0.0,shopify,50,deny,manual,26800,,true,true,,https://cdn.shopify.com/s/files/1/0331/5282/7529/products/av-61-b2.gif?v=1588748266,2,,,,,,,,,,,,,,,,,,https://cdn.shopify.com/s/files/1/0331/5282/7529/products/av-61-b1.gif?v=1588748266,kg,,,
avirex-jacket-ma1commerciallogo,,,,,,,,,BLACK,,M(実寸XS)=身長 : 158-168cm 胸囲 : 78-88cmX,,,AV-62,0.0,shopify,50,deny,manual,26800,,true,true,,https://cdn.shopify.com/s/files/1/0331/5282/7529/products/av-62-b1.gif?v=1588748266,3,,,,,,,,,,,,,,,,,,https://cdn.shopify.com/s/files/1/0331/5282/7529/products/av-62-b2.gif?v=1588748266,kg,,,
avirex-jacket-ma1commerciallogo,,,,,,,,,BLACK,,L(実寸S)=身長 : 163cm-173胸囲 : 83-93cm,,,AV-62,0.0,shopify,50,deny,manual,26800,,true,true,,https://cdn.shopify.com/s/files/1/0331/5282/7529/products/av-62-b2.gif?v=1588748266,4,,,,,,,,,,,,,,,,,,https://cdn.shopify.com/s/files/1/0331/5282/7529/products/av-62-b2.gif?v=1588748266,kg,,,
avirex-jacket-n2b-black,AVIREX アヴィレックス  TYPE N-2B  BLACK,<p>ASIAN FIT 女性にもおススメします 襟ラクーン（取り外し可能）</p>,AVIREX,,JACKETS/ フライトJACKETS / AVIREX,"AVIREX, black, N-2B, アヴィレックス, フライトジャケット, ブラック",true,Size,M(実寸XS)=身長 : 158-168cm 胸囲 : 78-88cmX,,,,,AV-72,0.0,shopify,50,deny,manual,32800,,true,true,,https://cdn.shopify.com/s/files/1/0331/5282/7529/products/av-72-b_01c6bf61-e562-43c4-98ce-b6ce58e1adb8.gif?v=1588748272,1,,false,,ASIAN FIT 女性にもおススメします 襟ラクーン（取り外し可能）,,,,,,,,,,,,,,https://cdn.shopify.com/s/files/1/0331/5282/7529/products/av-72-b_01c6bf61-e562-43c4-98ce-b6ce58e1adb8.gif?v=1588748272,kg,,,active
avirex-jacket-n2b-black,,,,,,,,,L(実寸S)=身長 : 163cm-173胸囲 : 83-93cm,,,,,AV-72,0.0,shopify,50,deny,manual,32800,,true,true,,https://cdn.shopify.com/s/files/1/0331/5282/7529/products/av-71-b3.gif?v=1588748272,2,,,,,,,,,,,,,,,,,,https://cdn.shopify.com/s/files/1/0331/5282/7529/products/av-72-b_01c6bf61-e562-43c4-98ce-b6ce58e1adb8.gif?v=1588748272,kg,,,
truspec-jacket-bdu-marpat,BDU ジャケット  TRU-SPEC MAR-PAT,"",TRU-SPEC,,TRU-SPEC / BDU JACKETS,"BDU Jacket, BDUジャケット, DIGITAL BLACK, DIGITAL CAMO, DIGITAL DESERT, TRU-SPEC, アウター, アウターその他, トゥルースペック, ユニフォーム",true,Color,DIGITAL CAMO,Size,S-R,,,A-868,0.0,shopify,50,deny,manual,6800,,true,true,,https://cdn.shopify.com/s/files/1/0331/5282/7529/products/a-868-b.gif?v=1588748382,1,,false,,,,,,,,,,,,,,,,https://cdn.shopify.com/s/files/1/0331/5282/7529/products/a-868-b.gif?v=1588748382,kg,,,active
truspec-jacket-bdu-marpat,,,,,,,,,DIGITAL CAMO,,M-R,,,A-868,0.0,shopify,50,deny,manual,6800,,true,true,,https://cdn.shopify.com/s/files/1/0331/5282/7529/products/a-869-b.gif?v=1588748382,2,,,,,,,,,,,,,,,,,,https://cdn.shopify.com/s/files/1/0331/5282/7529/products/a-868-b.gif?v=1588748382,kg,,,
truspec-jacket-bdu-marpat,,,,,,,,,DIGITAL DESERT,,S-R,,,A-869,0.0,shopify,50,deny,manual,6800,,true,true,,https://cdn.shopify.com/s/files/1/0331/5282/7529/products/a-870-b.gif?v=1588748382,3,,,,,,,,,,,,,,,,,,https://cdn.shopify.com/s/files/1/0331/5282/7529/products/a-869-b.gif?v=1588748382,kg,,,
truspec-jacket-bdu-marpat,,,,,,,,,DIGITAL DESERT,,M-R,,,A-869,0.0,shopify,50,deny,manual,6800,,true,true,,,,,,,,,,,,,,,,,,,,,https://cdn.shopify.com/s/files/1/0331/5282/7529/products/a-869-b.gif?v=1588748382,kg,,,
truspec-jacket-bdu-marpat,,,,,,,,,DIGITAL BLACK,,S-R,,,A-870,0.0,shopify,50,deny,manual,6800,,true,true,,,,,,,,,,,,,,,,,,,,,https://cdn.shopify.com/s/files/1/0331/5282/7529/products/a-870-b.gif?v=1588748382,kg,,,
truspec-jacket-bdu-marpat,,,,,,,,,DIGITAL BLACK,,M-R,,,A-870,0.0,shopify,50,deny,manual,6800,,true,true,,,,,,,,,,,,,,,,,,,,,https://cdn.shopify.com/s/files/1/0331/5282/7529/products/a-870-b.gif?v=1588748382,kg,,,
truspec-pants-bdu-marpat,BDU パンツ TRU-SPEC MAR-PAT,"",TRU-SPEC,,TRU-SPEC / BDU パンツ,"BDU pants, BDUパンツ, degital camo, DIGITAL BLACK, DIGITAL DESERT, TRU-SPEC, デジタルカモ, トゥルースペック, パンツ, ボトムス, ユニフォーム, ロングパンツ",true,Color,DIGITAL CAMO,Size,S-R,,,A-522,0.0,shopify,50,deny,manual,6800,,true,true,,https://cdn.shopify.com/s/files/1/0331/5282/7529/products/a-522-b1.gif?v=1588748398,1,,false,,,,,,,,,,,,,,,,https://cdn.shopify.com/s/files/1/0331/5282/7529/products/a-522-b1.gif?v=1588748398,kg,,,active
truspec-pants-bdu-marpat,,,,,,,,,DIGITAL CAMO,,M-R,,,A-522,0.0,shopify,50,deny,manual,6800,,true,true,,https://cdn.shopify.com/s/files/1/0331/5282/7529/products/a-522-b2.gif?v=1588748398,2,,,,,,,,,,,,,,,,,,https://cdn.shopify.com/s/files/1/0331/5282/7529/products/a-522-b1.gif?v=1588748398,kg,,,
truspec-pants-bdu-marpat,,,,,,,,,DIGITAL DESERT,,S-R,,,A-523,0.0,shopify,50,deny,manual,6800,,true,true,,https://cdn.shopify.com/s/files/1/0331/5282/7529/products/a-523-b1.gif?v=1588748398,3,,,,,,,,,,,,,,,,,,https://cdn.shopify.com/s/files/1/0331/5282/7529/products/a-523-b1.gif?v=1588748398,kg,,,
truspec-pants-bdu-marpat,,,,,,,,,DIGITAL DESERT,,M-R,,,A-523,0.0,shopify,50,deny,manual,6800,,true,true,,https://cdn.shopify.com/s/files/1/0331/5282/7529/products/a-523-b2.gif?v=1588748398,4,,,,,,,,,,,,,,,,,,https://cdn.shopify.com/s/files/1/0331/5282/7529/products/a-523-b1.gif?v=1588748398,kg,,,
truspec-pants-bdu-marpat,,,,,,,,,DIGITAL BLACK,,S-R,,,A-524,0.0,shopify,50,deny,manual,6800,,true,true,,https://cdn.shopify.com/s/files/1/0331/5282/7529/products/a-524-b1.gif?v=1588748398,5,,,,,,,,,,,,,,,,,,https://cdn.shopify.com/s/files/1/0331/5282/7529/products/a-524-b1.gif?v=1588748398,kg,,,
truspec-pants-bdu-marpat,,,,,,,,,DIGITAL BLACK,,M-R,,,A-524,0.0,shopify,50,deny,manual,6800,,true,true,,https://cdn.shopify.com/s/files/1/0331/5282/7529/products/a-524-b2.gif?v=1588748398,6,,,,,,,,,,,,,,,,,,https://cdn.shopify.com/s/files/1/0331/5282/7529/products/a-524-b1.gif?v=1588748398,kg,,,
alpha-amark-tshirts,ALPHA Aマーク Tシャツ,<p>コットン100%</p>,ALPHA,,T-SHIRTS/SWEAT,"ALPHA, Aマーク Tシャツ, BLACK, T-SHIRTS, Tシャツ, WHITE, アルファ, トップス/インナー",true,Color,WHITE,Size,M,,,AL-341,0.0,shopify,50,deny,manual,2300,,true,true,,https://cdn.shopify.com/s/files/1/0331/5282/7529/products/al-341-b.gif?v=1588748672,1,,false,,,,,,,,,,,,,,,,https://cdn.shopify.com/s/files/1/0331/5282/7529/products/al-341-b.gif?v=1588748672,kg,,,active
alpha-amark-tshirts,,,,,,,,,WHITE,,L,,,AL-341,0.0,shopify,50,deny,manual,2300,,true,true,,https://cdn.shopify.com/s/files/1/0331/5282/7529/products/al-342-b.gif?v=1588748672,2,,,,,,,,,,,,,,,,,,https://cdn.shopify.com/s/files/1/0331/5282/7529/products/al-341-b.gif?v=1588748672,kg,,,
alpha-amark-tshirts,,,,,,,,,BLACK,,M,,,AL-342,0.0,shopify,50,deny,manual,2300,,true,true,,,,,,,,,,,,,,,,,,,,,https://cdn.shopify.com/s/files/1/0331/5282/7529/products/al-342-b.gif?v=1588748672,kg,,,
alpha-amark-tshirts,,,,,,,,,BLACK,,L,,,AL-342,0.0,shopify,50,deny,manual,2300,,true,true,,,,,,,,,,,,,,,,,,,,,https://cdn.shopify.com/s/files/1/0331/5282/7529/products/al-342-b.gif?v=1588748672,kg,,,
alpha-alphaforces-tshirts,ALPHA FORCES Tシャツ,<p>コットン100%</p>,ALPHA,,T-SHIRTS/SWEAT,"ALPHA, FORCES Tシャツ, GRAY, NAVY, T-SHIRTS, Tシャツ,  グレイ, アルファ, トップス/インナー",true,Color,GRAY,Size,M,,,AL-316,0.0,shopify,50,deny,manual,2300,,true,true,,https://cdn.shopify.com/s/files/1/0331/5282/7529/products/al-316-b.gif?v=1588748678,1,,false,,,,,,,,,,,,,,,,https://cdn.shopify.com/s/files/1/0331/5282/7529/products/al-316-b.gif?v=1588748678,kg,,,active
alpha-alphaforces-tshirts,,,,,,,,,GRAY,,L,,,AL-316,0.0,shopify,50,deny,manual,2300,,true,true,,https://cdn.shopify.com/s/files/1/0331/5282/7529/products/al-317-b.gif?v=1588748678,2,,,,,,,,,,,,,,,,,,https://cdn.shopify.com/s/files/1/0331/5282/7529/products/al-316-b.gif?v=1588748678,kg,,,
alpha-alphaforces-tshirts,,,,,,,,,NAVY,,M,,,AL-317,0.0,shopify,50,deny,manual,2300,,true,true,,,,,,,,,,,,,,,,,,,,,https://cdn.shopify.com/s/files/1/0331/5282/7529/products/al-317-b.gif?v=1588748678,kg,,,
alpha-alphaforces-tshirts,,,,,,,,,NAVY,,L,,,AL-317,0.0,shopify,50,deny,manual,2300,,true,true,,,,,,,,,,,,,,,,,,,,,https://cdn.shopify.com/s/files/1/0331/5282/7529/products/al-317-b.gif?v=1588748678,kg,,,
alpha-poloshirts-est1959frontpatch,ALPHA POLO SHIRTS EST 1959 フロントパッチ,<p>コットン100%</p>,ALPHA,,T-SHIRTS/SWEAT,"ALPHA, NAVY, O.D, patch付きポロシャツ, POLO SHIRTS, POLO SHIRTS EST 1959 フロントパッチ, Tシャツ, アルファ, グリーン, トップス/インナー, 深緑色",true,Color,O.D.,Size,M,,,AL-331,0.0,shopify,50,deny,manual,4900,,true,true,,https://cdn.shopify.com/s/files/1/0331/5282/7529/products/al-331-b.gif?v=1588748684,1,,false,,,,,,,,,,,,,,,,https://cdn.shopify.com/s/files/1/0331/5282/7529/products/al-331-b.gif?v=1588748684,kg,,,active
alpha-poloshirts-est1959frontpatch,,,,,,,,,O.D.,,L,,,AL-331,0.0,shopify,50,deny,manual,4900,,true,true,,https://cdn.shopify.com/s/files/1/0331/5282/7529/products/al-332-b1.gif?v=1588748684,2,,,,,,,,,,,,,,,,,,https://cdn.shopify.com/s/files/1/0331/5282/7529/products/al-331-b.gif?v=1588748684,kg,,,
alpha-poloshirts-est1959frontpatch,,,,,,,,,NAVY,,M,,,AL-332,0.0,shopify,50,deny,manual,4900,,true,true,,,,,,,,,,,,,,,,,,,,,https://cdn.shopify.com/s/files/1/0331/5282/7529/products/al-332-b1.gif?v=1588748684,kg,,,
alpha-poloshirts-est1959frontpatch,,,,,,,,,NAVY,,L,,,AL-332,0.0,shopify,50,deny,manual,4900,,true,true,,,,,,,,,,,,,,,,,,,,,https://cdn.shopify.com/s/files/1/0331/5282/7529/products/al-332-b1.gif?v=1588748684,kg,,,
alpha-poloshirts-authenticflightapparel,ALPHA POLO SHIRTS 両面プリント AUTHENTIC FLIGHT APPAREL,<p>コットン100%</p>,ALPHA,,T-SHIRTS/SWEAT,"ALPHA, BLACK, POLO SHIRTS 両面プリント AUTHENTIC FLIGHT APPAREL, Tシャツ, WHITE, アルファ, トップス/インナー, ホワイト, ポロシャツ",true,Color,WHITE,Size,M,,,AL-336,0.0,shopify,50,deny,manual,4900,,true,true,,https://cdn.shopify.com/s/files/1/0331/5282/7529/products/al-336-b1.gif?v=1588748689,1,,false,,,,,,,,,,,,,,,,https://cdn.shopify.com/s/files/1/0331/5282/7529/products/al-336-b1.gif?v=1588748689,kg,,,active
alpha-poloshirts-authenticflightapparel,,,,,,,,,WHITE,,L,,,AL-336,0.0,shopify,50,deny,manual,4900,,true,true,,https://cdn.shopify.com/s/files/1/0331/5282/7529/products/al-337-b1.gif?v=1588748689,2,,,,,,,,,,,,,,,,,,https://cdn.shopify.com/s/files/1/0331/5282/7529/products/al-336-b1.gif?v=1588748689,kg,,,
alpha-poloshirts-authenticflightapparel,,,,,,,,,BLACK,,M,,,AL-337,0.0,shopify,50,deny,manual,4900,,true,true,,,,,,,,,,,,,,,,,,,,,https://cdn.shopify.com/s/files/1/0331/5282/7529/products/al-337-b1.gif?v=1588748689,kg,,,
alpha-poloshirts-authenticflightapparel,,,,,,,,,BLACK,,L,,,AL-337,0.0,shopify,50,deny,manual,4900,,true,true,,,,,,,,,,,,,,,,,,,,,https://cdn.shopify.com/s/files/1/0331/5282/7529/products/al-337-b1.gif?v=1588748689,kg,,,
alpha-frontzip-hoodie-usarmy,ALPHA フロントZIP スウェットパーカー U.S ARMY,"",ALPHA,,T-SHIRTS/SWEAT,"ALPHA, GRAY, O.D, U.S ARMY, アルファ, グレイ, スウェット/パーカー, トップス/インナー, パーカー, フロントZIP",true,Color,GRAY,Size,M,,,AL-196,0.0,shopify,50,deny,manual,6900,,true,true,,https://cdn.shopify.com/s/files/1/0331/5282/7529/products/al-196-b1.gif?v=1588748695,1,,false,,,,,,,,,,,,,,,,https://cdn.shopify.com/s/files/1/0331/5282/7529/products/al-196-b1.gif?v=1588748695,kg,,,active
alpha-frontzip-hoodie-usarmy,,,,,,,,,GRAY,,L,,,AL-196,0.0,shopify,50,deny,manual,6900,,true,true,,https://cdn.shopify.com/s/files/1/0331/5282/7529/products/al-197-b1.gif?v=1588748695,2,,,,,,,,,,,,,,,,,,https://cdn.shopify.com/s/files/1/0331/5282/7529/products/al-196-b1.gif?v=1588748695,kg,,,
alpha-frontzip-hoodie-usarmy,,,,,,,,,O.D.,,M,,,AL-197,0.0,shopify,50,deny,manual,6900,,true,true,,,,,,,,,,,,,,,,,,,,,https://cdn.shopify.com/s/files/1/0331/5282/7529/products/al-197-b1.gif?v=1588748695,kg,,,
alpha-frontzip-hoodie-usarmy,,,,,,,,,O.D.,,L,,,AL-197,0.0,shopify,50,deny,manual,6900,,true,true,,,,,,,,,,,,,,,,,,,,,https://cdn.shopify.com/s/files/1/0331/5282/7529/products/al-197-b1.gif?v=1588748695,kg,,,
alpha-frontzip-hoodie-usalphaforce,ALPHA フロントZIP スウェットパーカー U.S  ALPHA FORCE,"",ALPHA,,T-SHIRTS/SWEAT,"ALPHA, BLACK, GRAY, hoodie, アルファ, グレイ, スウェット/パーカー, トップス/インナー, パーカー",true,Color,GRAY,Size,M,,,AL-198,0.0,shopify,50,deny,manual,6900,,true,true,,https://cdn.shopify.com/s/files/1/0331/5282/7529/products/al-198-b1.gif?v=1588748701,1,,false,,,,,,,,,,,,,,,,https://cdn.shopify.com/s/files/1/0331/5282/7529/products/al-198-b1.gif?v=1588748701,kg,,,active
alpha-frontzip-hoodie-usalphaforce,,,,,,,,,GRAY,,L,,,AL-198,0.0,shopify,50,deny,manual,6900,,true,true,,https://cdn.shopify.com/s/files/1/0331/5282/7529/products/al-199-b1.gif?v=1588748701,2,,,,,,,,,,,,,,,,,,https://cdn.shopify.com/s/files/1/0331/5282/7529/products/al-198-b1.gif?v=1588748701,kg,,,
alpha-frontzip-hoodie-usalphaforce,,,,,,,,,BLACK,,M,,,AL-199,0.0,shopify,50,deny,manual,6900,,true,true,,,,,,,,,,,,,,,,,,,,,https://cdn.shopify.com/s/files/1/0331/5282/7529/products/al-199-b1.gif?v=1588748701,kg,,,
alpha-frontzip-hoodie-usalphaforce,,,,,,,,,BLACK,,L,,,AL-199,0.0,shopify,50,deny,manual,6900,,true,true,,,,,,,,,,,,,,,,,,,,,https://cdn.shopify.com/s/files/1/0331/5282/7529/products/al-199-b1.gif?v=1588748701,kg,,,
alpha-ecwcsgen1-hardshellparka,ALPHA ECWCS HARDSHELLPARKA,<p>通気性防水</p>,ALPHA,,ALPHA,"ABU, ALPHA, BLACK, ECWCS, ECWCSジャケット, HARDSHELLPARKA, アウター, アウターその他, アルファ, エクワックス, ブラック",true,Color,BLACK,Size,M,,,AL-391,0.0,shopify,50,deny,manual,23800,,true,true,,https://cdn.shopify.com/s/files/1/0331/5282/7529/products/al-391-b1.gif?v=1588748855,1,,false,,,,,,,,,,,,,,,,https://cdn.shopify.com/s/files/1/0331/5282/7529/products/al-391-b1.gif?v=1588748855,kg,,,active
alpha-ecwcsgen1-hardshellparka,,,,,,,,,BLACK,,L,,,AL-391,0.0,shopify,50,deny,manual,23800,,true,true,,https://cdn.shopify.com/s/files/1/0331/5282/7529/products/al-392-b.gif?v=1588748855,2,,,,,,,,,,,,,,,,,,https://cdn.shopify.com/s/files/1/0331/5282/7529/products/al-391-b1.gif?v=1588748855,kg,,,
alpha-ecwcsgen1-hardshellparka,,,,,,,,,ABU(空軍迷彩),,M,,,AL-392,0.0,shopify,50,deny,manual,23800,,true,true,,,,,,,,,,,,,,,,,,,,,https://cdn.shopify.com/s/files/1/0331/5282/7529/products/al-392-b.gif?v=1588748855,kg,,,
alpha-ecwcsgen1-hardshellparka,,,,,,,,,ABU(空軍迷彩),,L,,,AL-392,0.0,shopify,50,deny,manual,23800,,true,true,,,,,,,,,,,,,,,,,,,,,https://cdn.shopify.com/s/files/1/0331/5282/7529/products/al-392-b.gif?v=1588748855,kg,,,
alpha-typen3btight,ALPHA TYPE N-3B TIGHT,<p>本年度よりアジアンフィットモデルになりました。Sizeが小さくなりましたので、ご注意ください。</p>,ALPHA,,ALPHA,"ALPHA, BLACK, CHARCOAL GRAY, DARK NAVY, N-3B, SAGE GREEN, TYPE N-3B, アウター, アウターその他, アルファ, フライトジャケット",true,Color,SAGE GREEN,Size,M,,,AL-151,0.0,shopify,50,deny,manual,24800,,true,true,,https://cdn.shopify.com/s/files/1/0331/5282/7529/products/al-151-b1.gif?v=1588748866,1,,false,,本年度よりアジアンフィットモデルになりました。Sizeが小さくなりましたので、ご注意ください。,,,,,,,,,,,,,,https://cdn.shopify.com/s/files/1/0331/5282/7529/products/al-151-b1.gif?v=1588748866,kg,,,active
alpha-typen3btight,,,,,,,,,SAGE GREEN,,L,,,AL-151,0.0,shopify,50,deny,manual,24800,,true,true,,https://cdn.shopify.com/s/files/1/0331/5282/7529/products/al-152-b.gif?v=1588748866,2,,,,,,,,,,,,,,,,,,https://cdn.shopify.com/s/files/1/0331/5282/7529/products/al-151-b1.gif?v=1588748866,kg,,,
alpha-typen3btight,,,,,,,,,DARK NANY,,M,,,AL-152,0.0,shopify,50,deny,manual,24800,,true,true,,https://cdn.shopify.com/s/files/1/0331/5282/7529/products/al-153-b.gif?v=1588748866,3,,,,,,,,,,,,,,,,,,https://cdn.shopify.com/s/files/1/0331/5282/7529/products/al-152-b.gif?v=1588748866,kg,,,
alpha-typen3btight,,,,,,,,,DARK NANY,,L,,,AL-152,0.0,shopify,50,deny,manual,24800,,true,true,,https://cdn.shopify.com/s/files/1/0331/5282/7529/products/al-150-b.gif?v=1588748866,4,,,,,,,,,,,,,,,,,,https://cdn.shopify.com/s/files/1/0331/5282/7529/products/al-152-b.gif?v=1588748866,kg,,,
alpha-typen3btight,,,,,,,,,CHARCOAL GRAY,,M,,,AL153,0.0,shopify,50,deny,manual,24800,,true,true,,,,,,,,,,,,,,,,,,,,,https://cdn.shopify.com/s/files/1/0331/5282/7529/products/al-153-b.gif?v=1588748866,kg,,,
alpha-typen3btight,,,,,,,,,CHARCOAL GRAY,,L,,,AL153,0.0,shopify,50,deny,manual,24800,,true,true,,,,,,,,,,,,,,,,,,,,,https://cdn.shopify.com/s/files/1/0331/5282/7529/products/al-153-b.gif?v=1588748866,kg,,,
alpha-typen3btight,,,,,,,,,BLACK,,M,,,AL-150,0.0,shopify,50,deny,manual,24800,,true,true,,,,,,,,,,,,,,,,,,,,,https://cdn.shopify.com/s/files/1/0331/5282/7529/products/al-150-b.gif?v=1588748866,kg,,,
alpha-typen3btight,,,,,,,,,BLACK,,L,,,AL-150,0.0,shopify,50,deny,manual,24800,,true,true,,,,,,,,,,,,,,,,,,,,,https://cdn.shopify.com/s/files/1/0331/5282/7529/products/al-150-b.gif?v=1588748866,kg,,,
alpha-cwu45p,ALPHA CWU-45P,"",ALPHA,,ALPHA,"ALPHA, BLACK, CHARCOAL GRAY, CWU-36P/CWU-45P, CWU-45P, DARK NAVY, SAGE GREEN, アウター, アウターその他, アルファ, フライトジャケット",true,Color,SAGE GREEN,Size,M,,,AL-39,0.0,shopify,50,deny,manual,19800,,true,true,,https://cdn.shopify.com/s/files/1/0331/5282/7529/products/al-39-b1.gif?v=1588748878,1,,false,,,,,,,,,,,,,,,,https://cdn.shopify.com/s/files/1/0331/5282/7529/products/al-39-b1.gif?v=1588748878,kg,,,active
alpha-cwu45p,,,,,,,,,SAGE GREEN,,L,,,AL-39,0.0,shopify,50,deny,manual,19800,,true,true,,https://cdn.shopify.com/s/files/1/0331/5282/7529/products/al-40b-b.gif?v=1588748878,2,,,,,,,,,,,,,,,,,,https://cdn.shopify.com/s/files/1/0331/5282/7529/products/al-39-b1.gif?v=1588748878,kg,,,
alpha-cwu45p,,,,,,,,,BLACK,,M,,,AL-40B,0.0,shopify,50,deny,manual,19800,,true,true,,https://cdn.shopify.com/s/files/1/0331/5282/7529/products/al-41-dn-b.gif?v=1588748878,3,,,,,,,,,,,,,,,,,,https://cdn.shopify.com/s/files/1/0331/5282/7529/products/al-40b-b.gif?v=1588748878,kg,,,
alpha-cwu45p,,,,,,,,,BLACK,,L,,,AL-40B,0.0,shopify,50,deny,manual,19800,,true,true,,https://cdn.shopify.com/s/files/1/0331/5282/7529/products/al-43-b.gif?v=1588748878,4,,,,,,,,,,,,,,,,,,https://cdn.shopify.com/s/files/1/0331/5282/7529/products/al-40b-b.gif?v=1588748878,kg,,,
alpha-cwu45p,,,,,,,,,DARK NAVY,,M,,,AL-41-DN,0.0,shopify,50,deny,manual,19800,,true,true,,,,,,,,,,,,,,,,,,,,,https://cdn.shopify.com/s/files/1/0331/5282/7529/products/al-41-dn-b.gif?v=1588748878,kg,,,
alpha-cwu45p,,,,,,,,,DARK NAVY,,L,,,AL-41-DN,0.0,shopify,50,deny,manual,19800,,true,true,,,,,,,,,,,,,,,,,,,,,https://cdn.shopify.com/s/files/1/0331/5282/7529/products/al-41-dn-b.gif?v=1588748878,kg,,,
alpha-cwu45p,,,,,,,,,CHARCOAL GRAY,,M,,,AL-43,0.0,shopify,50,deny,manual,19800,,true,true,,,,,,,,,,,,,,,,,,,,,https://cdn.shopify.com/s/files/1/0331/5282/7529/products/al-43-b.gif?v=1588748878,kg,,,
alpha-cwu45p,,,,,,,,,CHARCOAL GRAY,,L,,,AL-43,0.0,shopify,50,deny,manual,19800,,true,true,,,,,,,,,,,,,,,,,,,,,https://cdn.shopify.com/s/files/1/0331/5282/7529/products/al-43-b.gif?v=1588748878,kg,,,
alpha-typem65,ALPHA TYPE MA-65 ASIAN FIT,<p>本年度（2018年）よりアジアンフィットモデルになりました。Sizeが小さくなりましたので、ご注意ください。</p>,ALPHA,,ALPHA,"ALPHA, ASIAN FIT, BLACK, M-65ジャケット, O.D GREEN, TYPE MA-65, アウター, アルファ",true,Color,O.D GREEN,Size,M,,,AL-171,0.0,shopify,50,deny,manual,16800,,true,true,,https://cdn.shopify.com/s/files/1/0331/5282/7529/products/al-171-b1.gif?v=1588748885,1,,false,,本年度（2018年）よりアジアンフィットモデルになりました。Sizeが小さくなりましたので、ご注意ください。,,,,,,,,,,,,,,https://cdn.shopify.com/s/files/1/0331/5282/7529/products/al-171-b1.gif?v=1588748885,kg,,,active
alpha-typem65,,,,,,,,,O.D GREEN,,L,,,AL-171,0.0,shopify,50,deny,manual,16800,,true,true,,https://cdn.shopify.com/s/files/1/0331/5282/7529/products/al-172-b1.gif?v=1588748885,2,,,,,,,,,,,,,,,,,,https://cdn.shopify.com/s/files/1/0331/5282/7529/products/al-171-b1.gif?v=1588748885,kg,,,
alpha-typem65,,,,,,,,,BLACK,,M,,,AL-172,0.0,shopify,50,deny,manual,16800,,true,true,,,,,,,,,,,,,,,,,,,,,https://cdn.shopify.com/s/files/1/0331/5282/7529/products/al-172-b1.gif?v=1588748885,kg,,,
alpha-typem65,,,,,,,,,BLACK,,L,,,AL-172,0.0,shopify,50,deny,manual,16800,,true,true,,,,,,,,,,,,,,,,,,,,,https://cdn.shopify.com/s/files/1/0331/5282/7529/products/al-172-b1.gif?v=1588748885,kg,,,
alpha-typema1,ALPHA TYPE MA-1,"",ALPHA,,ALPHA,"ALPHA, MA-1, SAGE GREEN, TYPE MA-1, アウター, アルファ, フライトジャケット, ベルクロ付き",true,Size,M,,,,,AL-181,0.0,shopify,50,deny,manual,19800,,true,true,,https://cdn.shopify.com/s/files/1/0331/5282/7529/products/al-181-b1.gif?v=1588748889,1,,false,,,,,,,,,,,,,,,,https://cdn.shopify.com/s/files/1/0331/5282/7529/products/al-181-b1.gif?v=1588748889,kg,,,active
alpha-typema1,,,,,,,,,L,,,,,AL-181,0.0,shopify,50,deny,manual,19800,,true,true,,,,,,,,,,,,,,,,,,,,,https://cdn.shopify.com/s/files/1/0331/5282/7529/products/al-181-b1.gif?v=1588748889,kg,,,
alpha-typema1withpatch,ALPHA TYPE MA-1 米空軍パッチ付,"",ALPHA,,ALPHA,"ALPHA, MA-1, SAGE GREEN, TYPE MA-1, アウター, アルファ, フライトジャケット, 米空軍パッチ付き",true,Size,M,,,,,AL-181-048,0.0,shopify,50,deny,manual,22500,,true,true,,https://cdn.shopify.com/s/files/1/0331/5282/7529/products/al-181-048-b1.gif?v=1588748892,1,,false,,,,,,,,,,,,,,,,https://cdn.shopify.com/s/files/1/0331/5282/7529/products/al-181-048-b1.gif?v=1588748892,kg,,,active
alpha-typema1withpatch,,,,,,,,,L,,,,,AL-181-048,0.0,shopify,50,deny,manual,22500,,true,true,,,,,,,,,,,,,,,,,,,,,https://cdn.shopify.com/s/files/1/0331/5282/7529/products/al-181-048-b1.gif?v=1588748892,kg,,,
alpha-cwu45pwithpatch,ALPHA TYPE CWU 45P 米空軍パッチ付 14th Fighter Squadron,"",ALPHA,,ALPHA,"ALPHA, CWU 45P, CWU-36P/CWU-45P, SAGE GREEN, アウター, アルファ, パッチ付き, フライトジャケット",true,Size,M,,,,,AL-45-351,0.0,shopify,50,deny,manual,27500,,true,true,,https://cdn.shopify.com/s/files/1/0331/5282/7529/products/al-45-351-b.gif?v=1588748915,1,,false,,,,,,,,,,,,,,,,https://cdn.shopify.com/s/files/1/0331/5282/7529/products/al-45-351-b.gif?v=1588748915,kg,,,active
alpha-cwu45pwithpatch,,,,,,,,,L,,,,,AL-45-351,0.0,shopify,50,deny,manual,27500,,true,true,,,,,,,,,,,,,,,,,,,,,https://cdn.shopify.com/s/files/1/0331/5282/7529/products/al-45-351-b.gif?v=1588748915,kg,,,
alpha-cwu45pwithpatch-36th,ALPHA TYPE CWU 45P 米空軍パッチ付 36th Fighter Squadron,"",ALPHA,,ALPHA,"ALPHA, CWU 45P, CWU-36P/CWU-45P, SAGE GREEN, アウター, アルファ, パッチ付き, フライトジャケット",true,Size,M,,,,,AL-45-344,0.0,shopify,50,deny,manual,27500,,true,true,,https://cdn.shopify.com/s/files/1/0331/5282/7529/products/al-45-344-b.gif?v=1588748919,1,,false,,,,,,,,,,,,,,,,https://cdn.shopify.com/s/files/1/0331/5282/7529/products/al-45-344-b.gif?v=1588748919,kg,,,active
alpha-cwu45pwithpatch-36th,,,,,,,,,L,,,,,AL-45-344,0.0,shopify,50,deny,manual,27500,,true,true,,,,,,,,,,,,,,,,,,,,,https://cdn.shopify.com/s/files/1/0331/5282/7529/products/al-45-344-b.gif?v=1588748919,kg,,,
houston-b15b,B-15-B,"",HOUSTON,,HOUSTON,"B-15-B, B-3/B-10/B-15, HOUSTON, O.D, アウター, アウターその他, ヒューストン, フライトジャケット",true,Size,M,,,,,A-924,0.0,shopify,50,deny,manual,35800,,true,true,,https://cdn.shopify.com/s/files/1/0331/5282/7529/products/a-924-b1.gif?v=1588748963,1,,false,,,,,,,,,,,,,,,,https://cdn.shopify.com/s/files/1/0331/5282/7529/products/a-924-b1.gif?v=1588748963,kg,,,active
houston-b15b,,,,,,,,,L,,,,,A-924,0.0,shopify,50,deny,manual,35800,,true,true,,,,,,,,,,,,,,,,,,,,,https://cdn.shopify.com/s/files/1/0331/5282/7529/products/a-924-b1.gif?v=1588748963,kg,,,
houston-b15c,B-15-C,"",HOUSTON,,HOUSTON,"B-15-C, B-3/B-10/B-15, HOUSTON, NAVY, アウター, アウターその他, ヒューストン, フライトジャケット",true,Size,M,,,,,A-921,0.0,shopify,50,deny,manual,35800,,true,true,,https://cdn.shopify.com/s/files/1/0331/5282/7529/products/a-921-b1.gif?v=1588748966,1,,false,,,,,,,,,,,,,,,,https://cdn.shopify.com/s/files/1/0331/5282/7529/products/a-921-b1.gif?v=1588748966,kg,,,active
houston-b15c,,,,,,,,,L,,,,,A-921,0.0,shopify,50,deny,manual,35800,,true,true,,,,,,,,,,,,,,,,,,,,,https://cdn.shopify.com/s/files/1/0331/5282/7529/products/a-921-b1.gif?v=1588748966,kg,,,
houston-b15d,B-15-D,"",HOUSTON,,HOUSTON,"B-15-D, B-3/B-10/B-15, HOUSTON, SAGE GREEN, アウター, アウターその他, ヒューストン, フライトジャケット",true,Size,M,,,,,A-934,0.0,shopify,50,deny,manual,35800,,true,true,,https://cdn.shopify.com/s/files/1/0331/5282/7529/products/a-934-b1.gif?v=1588748969,1,,false,,,,,,,,,,,,,,,,https://cdn.shopify.com/s/files/1/0331/5282/7529/products/a-934-b1.gif?v=1588748969,kg,,,active
houston-b15d,,,,,,,,,L,,,,,A-934,0.0,shopify,50,deny,manual,35800,,true,true,,,,,,,,,,,,,,,,,,,,,https://cdn.shopify.com/s/files/1/0331/5282/7529/products/a-934-b1.gif?v=1588748969,kg,,,
alpha-sweats-hoodies-camo,ALPHA INDUSTRIES 迷彩スウェットパーカ,"",ALPHA,,アウター,"ALPHA, City Camo, Mountain Camo, アウター, アルファ, スウェット/パーカー",true,Color,MOUNTAIN CAMO,Size,M,,,AL-193,0.0,shopify,50,deny,manual,6900,,true,true,,https://cdn.shopify.com/s/files/1/0331/5282/7529/products/al-193-b1.gif?v=1588749192,1,,false,,,,,,,,,,,,,,,,https://cdn.shopify.com/s/files/1/0331/5282/7529/products/al-193-b1.gif?v=1588749192,kg,,,active
alpha-sweats-hoodies-camo,,,,,,,,,MOUNTAIN CAMO,,L,,,AL-193,0.0,shopify,50,deny,manual,6900,,true,true,,https://cdn.shopify.com/s/files/1/0331/5282/7529/products/al-194-b1.gif?v=1588749192,2,,,,,,,,,,,,,,,,,,https://cdn.shopify.com/s/files/1/0331/5282/7529/products/al-193-b1.gif?v=1588749192,kg,,,
alpha-sweats-hoodies-camo,,,,,,,,,MOUNTAIN CAMO,,XL,,,AL-193,0.0,shopify,50,deny,manual,6900,,true,true,,,,,,,,,,,,,,,,,,,,,https://cdn.shopify.com/s/files/1/0331/5282/7529/products/al-193-b1.gif?v=1588749192,kg,,,
alpha-sweats-hoodies-camo,,,,,,,,,CITY CAMO,,M,,,AL-194,0.0,shopify,50,deny,manual,6900,,true,true,,,,,,,,,,,,,,,,,,,,,https://cdn.shopify.com/s/files/1/0331/5282/7529/products/al-194-b1.gif?v=1588749192,kg,,,
alpha-sweats-hoodies-camo,,,,,,,,,CITY CAMO,,L,,,AL-194,0.0,shopify,50,deny,manual,6900,,true,true,,,,,,,,,,,,,,,,,,,,,https://cdn.shopify.com/s/files/1/0331/5282/7529/products/al-194-b1.gif?v=1588749192,kg,,,
alpha-sweats-hoodies-camo,,,,,,,,,CITY CAMO,,XL,,,AL-194,0.0,shopify,50,deny,manual,6900,,true,true,,,,,,,,,,,,,,,,,,,,,https://cdn.shopify.com/s/files/1/0331/5282/7529/products/al-194-b1.gif?v=1588749192,kg,,,
alpha-sweats-hoodies-alphamark1,ALPHA INDUSTRIES スウェットパーカ ALPHAマーク,"",ALPHA,,アウター,"ALPHA, Gray, O.D., アウター, アルファ, スウェット/パーカー",true,Color,Gray,Size,M,,,AL-303,0.0,shopify,50,deny,manual,5900,,true,true,,https://cdn.shopify.com/s/files/1/0331/5282/7529/products/al-303-b.gif?v=1588749199,1,,false,,,,,,,,,,,,,,,,https://cdn.shopify.com/s/files/1/0331/5282/7529/products/al-303-b.gif?v=1588749199,kg,,,active
alpha-sweats-hoodies-alphamark1,,,,,,,,,Gray,,L,,,AL-303,0.0,shopify,50,deny,manual,5900,,true,true,,https://cdn.shopify.com/s/files/1/0331/5282/7529/products/al-304-b.gif?v=1588749199,2,,,,,,,,,,,,,,,,,,https://cdn.shopify.com/s/files/1/0331/5282/7529/products/al-303-b.gif?v=1588749199,kg,,,
alpha-sweats-hoodies-alphamark1,,,,,,,,,Gray,,XL,,,AL-303,0.0,shopify,50,deny,manual,5900,,true,true,,,,,,,,,,,,,,,,,,,,,https://cdn.shopify.com/s/files/1/0331/5282/7529/products/al-303-b.gif?v=1588749199,kg,,,
alpha-sweats-hoodies-alphamark1,,,,,,,,,O.D.,,M,,,AL-304,0.0,shopify,50,deny,manual,5900,,true,true,,,,,,,,,,,,,,,,,,,,,https://cdn.shopify.com/s/files/1/0331/5282/7529/products/al-304-b.gif?v=1588749199,kg,,,
alpha-sweats-hoodies-alphamark1,,,,,,,,,O.D.,,L,,,AL-304,0.0,shopify,50,deny,manual,5900,,true,true,,,,,,,,,,,,,,,,,,,,,https://cdn.shopify.com/s/files/1/0331/5282/7529/products/al-304-b.gif?v=1588749199,kg,,,
alpha-sweats-hoodies-alphamark1,,,,,,,,,O.D.,,XL,,,AL-304,0.0,shopify,50,deny,manual,5900,,true,true,,,,,,,,,,,,,,,,,,,,,https://cdn.shopify.com/s/files/1/0331/5282/7529/products/al-304-b.gif?v=1588749199,kg,,,
alpha-sweats-hoodies-alphamark2,ALPHA INDUSTRIES スウェットパーカ ALPHAマーク,"",ALPHA,,アウター,"ALPHA, Gray, O.D., アウター, アルファ, スウェット/パーカー",true,Color,Gray,Size,M,,,AL-191,0.0,shopify,50,deny,manual,5900,,true,true,,https://cdn.shopify.com/s/files/1/0331/5282/7529/products/al-191-b1.gif?v=1588749209,1,,false,,,,,,,,,,,,,,,,https://cdn.shopify.com/s/files/1/0331/5282/7529/products/al-191-b1.gif?v=1588749209,kg,,,active
alpha-sweats-hoodies-alphamark2,,,,,,,,,Gray,,L,,,AL-191,0.0,shopify,50,deny,manual,5900,,true,true,,https://cdn.shopify.com/s/files/1/0331/5282/7529/products/al-192-b1.gif?v=1588749209,2,,,,,,,,,,,,,,,,,,https://cdn.shopify.com/s/files/1/0331/5282/7529/products/al-191-b1.gif?v=1588749209,kg,,,
alpha-sweats-hoodies-alphamark2,,,,,,,,,Gray,,XL,,,AL-191,0.0,shopify,50,deny,manual,5900,,true,true,,,,,,,,,,,,,,,,,,,,,https://cdn.shopify.com/s/files/1/0331/5282/7529/products/al-191-b1.gif?v=1588749209,kg,,,
alpha-sweats-hoodies-alphamark2,,,,,,,,,O.D.,,M,,,AL-192,0.0,shopify,50,deny,manual,5900,,true,true,,,,,,,,,,,,,,,,,,,,,https://cdn.shopify.com/s/files/1/0331/5282/7529/products/al-192-b1.gif?v=1588749209,kg,,,
alpha-sweats-hoodies-alphamark2,,,,,,,,,O.D.,,L,,,AL-192,0.0,shopify,50,deny,manual,5900,,true,true,,,,,,,,,,,,,,,,,,,,,https://cdn.shopify.com/s/files/1/0331/5282/7529/products/al-192-b1.gif?v=1588749209,kg,,,
alpha-sweats-hoodies-alphamark2,,,,,,,,,O.D.,,XL,,,AL-192,0.0,shopify,50,deny,manual,5900,,true,true,,,,,,,,,,,,,,,,,,,,,https://cdn.shopify.com/s/files/1/0331/5282/7529/products/al-192-b1.gif?v=1588749209,kg,,,
alpha-sweats-hoodies-alphamark3,ALPHA INDUSTRIES スウェットパーカ ALPHAマーク,"",ALPHA,,アウター,"ALPHA, Black, Gray, アウター, アルファ, スウェット/パーカー",true,Color,Gray,Size,M,,,AL-301,0.0,shopify,50,deny,manual,5900,,true,true,,https://cdn.shopify.com/s/files/1/0331/5282/7529/products/al-301-b_cd28010e-677d-4379-9736-d214a0eb1b82.gif?v=1588749215,1,,false,,,,,,,,,,,,,,,,https://cdn.shopify.com/s/files/1/0331/5282/7529/products/al-301-b_cd28010e-677d-4379-9736-d214a0eb1b82.gif?v=1588749215,kg,,,active
alpha-sweats-hoodies-alphamark3,,,,,,,,,Gray,,L,,,AL-301,0.0,shopify,50,deny,manual,5900,,true,true,,https://cdn.shopify.com/s/files/1/0331/5282/7529/products/al-302-b.gif?v=1588749215,2,,,,,,,,,,,,,,,,,,https://cdn.shopify.com/s/files/1/0331/5282/7529/products/al-301-b_cd28010e-677d-4379-9736-d214a0eb1b82.gif?v=1588749215,kg,,,
alpha-sweats-hoodies-alphamark3,,,,,,,,,Gray,,XL,,,AL-301,0.0,shopify,50,deny,manual,5900,,true,true,,,,,,,,,,,,,,,,,,,,,https://cdn.shopify.com/s/files/1/0331/5282/7529/products/al-301-b_cd28010e-677d-4379-9736-d214a0eb1b82.gif?v=1588749215,kg,,,
alpha-sweats-hoodies-alphamark3,,,,,,,,,Black,,M,,,AL-302,0.0,shopify,50,deny,manual,5900,,true,true,,,,,,,,,,,,,,,,,,,,,https://cdn.shopify.com/s/files/1/0331/5282/7529/products/al-302-b.gif?v=1588749215,kg,,,
alpha-sweats-hoodies-alphamark3,,,,,,,,,Black,,L,,,AL-302,0.0,shopify,50,deny,manual,5900,,true,true,,,,,,,,,,,,,,,,,,,,,https://cdn.shopify.com/s/files/1/0331/5282/7529/products/al-302-b.gif?v=1588749215,kg,,,
alpha-sweats-hoodies-alphamark3,,,,,,,,,Black,,XL,,,AL-302,0.0,shopify,50,deny,manual,5900,,true,true,,,,,,,,,,,,,,,,,,,,,https://cdn.shopify.com/s/files/1/0331/5282/7529/products/al-302-b.gif?v=1588749215,kg,,,
tru-spec-pants-bdu-shorts-digital,BDU ショートパンツ TRU-SPEC B.D.U. SHORTS 6 Pockets Plus 2,"",TRU-SPEC,,パンツ,"ACU, Digital Camo, Digital Desert, TRU-SPEC, ショートパンツ, トゥルースペック, パンツ",true,Color,ACU,Size,S,,,A-1729,0.0,shopify,50,deny,manual,4800,,true,true,,https://cdn.shopify.com/s/files/1/0331/5282/7529/products/a-1729-b_5718d8a6-e210-4512-9822-474c980e4cd2.gif?v=1588749238,1,,false,,,,,,,,,,,,,,,,https://cdn.shopify.com/s/files/1/0331/5282/7529/products/a-1729-b_5718d8a6-e210-4512-9822-474c980e4cd2.gif?v=1588749238,kg,,,active
tru-spec-pants-bdu-shorts-digital,,,,,,,,,ACU,,M,,,A-1729,0.0,shopify,50,deny,manual,4800,,true,true,,https://cdn.shopify.com/s/files/1/0331/5282/7529/products/a-1728-b_d61fa4e5-2f00-4242-9c04-579e7182d01c.gif?v=1588749238,2,,,,,,,,,,,,,,,,,,https://cdn.shopify.com/s/files/1/0331/5282/7529/products/a-1729-b_5718d8a6-e210-4512-9822-474c980e4cd2.gif?v=1588749238,kg,,,
tru-spec-pants-bdu-shorts-digital,,,,,,,,,ACU,,L,,,A-1729,0.0,shopify,50,deny,manual,4800,,true,true,,https://cdn.shopify.com/s/files/1/0331/5282/7529/products/a-1727-b.gif?v=1588749238,3,,,,,,,,,,,,,,,,,,https://cdn.shopify.com/s/files/1/0331/5282/7529/products/a-1729-b_5718d8a6-e210-4512-9822-474c980e4cd2.gif?v=1588749238,kg,,,
tru-spec-pants-bdu-shorts-digital,,,,,,,,,DIGITAL DESERT,,S,,,A-1728,0.0,shopify,50,deny,manual,4800,,true,true,,,,,,,,,,,,,,,,,,,,,https://cdn.shopify.com/s/files/1/0331/5282/7529/products/a-1728-b_d61fa4e5-2f00-4242-9c04-579e7182d01c.gif?v=1588749238,kg,,,
tru-spec-pants-bdu-shorts-digital,,,,,,,,,DIGITAL DESERT,,M,,,A-1728,0.0,shopify,50,deny,manual,4800,,true,true,,,,,,,,,,,,,,,,,,,,,https://cdn.shopify.com/s/files/1/0331/5282/7529/products/a-1728-b_d61fa4e5-2f00-4242-9c04-579e7182d01c.gif?v=1588749238,kg,,,
tru-spec-pants-bdu-shorts-digital,,,,,,,,,DIGITAL DESERT,,L,,,A-1728,0.0,shopify,50,deny,manual,4800,,true,true,,,,,,,,,,,,,,,,,,,,,https://cdn.shopify.com/s/files/1/0331/5282/7529/products/a-1728-b_d61fa4e5-2f00-4242-9c04-579e7182d01c.gif?v=1588749238,kg,,,
tru-spec-pants-bdu-shorts-digital,,,,,,,,,DIGITAL CAMO,,S,,,A-1727,0.0,shopify,50,deny,manual,4800,,true,true,,,,,,,,,,,,,,,,,,,,,https://cdn.shopify.com/s/files/1/0331/5282/7529/products/a-1727-b.gif?v=1588749238,kg,,,
tru-spec-pants-bdu-shorts-digital,,,,,,,,,DIGITAL CAMO,,M,,,A-1727,0.0,shopify,50,deny,manual,4800,,true,true,,,,,,,,,,,,,,,,,,,,,https://cdn.shopify.com/s/files/1/0331/5282/7529/products/a-1727-b.gif?v=1588749238,kg,,,
tru-spec-pants-bdu-shorts-digital,,,,,,,,,DIGITAL CAMO,,L,,,A-1727,0.0,shopify,50,deny,manual,4800,,true,true,,,,,,,,,,,,,,,,,,,,,https://cdn.shopify.com/s/files/1/0331/5282/7529/products/a-1727-b.gif?v=1588749238,kg,,,
tru-spec-pants-bdu-shorts-stripe,BDU ショートパンツ TRU-SPEC B.D.U. SHORTS 6 Pockets Plus 2,"",TRU-SPEC,,パンツ,"Desert Tiger, Tiger Stripe, TRU-SPEC, ショートパンツ, トゥルースペック, パンツ",true,Color,DESERT TIGER STRIPE,Size,S,,,A-1726,0.0,shopify,50,deny,manual,4800,,true,true,,https://cdn.shopify.com/s/files/1/0331/5282/7529/products/a-1726-b.gif?v=1588749247,1,,false,,,,,,,,,,,,,,,,https://cdn.shopify.com/s/files/1/0331/5282/7529/products/a-1726-b.gif?v=1588749247,kg,,,active
tru-spec-pants-bdu-shorts-stripe,,,,,,,,,DESERT TIGER STRIPE,,M,,,A-1726,0.0,shopify,50,deny,manual,4800,,true,true,,https://cdn.shopify.com/s/files/1/0331/5282/7529/products/a-1725-b.gif?v=1588749247,2,,,,,,,,,,,,,,,,,,https://cdn.shopify.com/s/files/1/0331/5282/7529/products/a-1726-b.gif?v=1588749247,kg,,,
tru-spec-pants-bdu-shorts-stripe,,,,,,,,,DESERT TIGER STRIPE,,L,,,A-1726,0.0,shopify,50,deny,manual,4800,,true,true,,,,,,,,,,,,,,,,,,,,,https://cdn.shopify.com/s/files/1/0331/5282/7529/products/a-1726-b.gif?v=1588749247,kg,,,
tru-spec-pants-bdu-shorts-stripe,,,,,,,,,TIGER STRIPE,,S,,,A-1725,0.0,shopify,50,deny,manual,4800,,true,true,,,,,,,,,,,,,,,,,,,,,https://cdn.shopify.com/s/files/1/0331/5282/7529/products/a-1725-b.gif?v=1588749247,kg,,,
tru-spec-pants-bdu-shorts-stripe,,,,,,,,,TIGER STRIPE,,M,,,A-1725,0.0,shopify,50,deny,manual,4800,,true,true,,,,,,,,,,,,,,,,,,,,,https://cdn.shopify.com/s/files/1/0331/5282/7529/products/a-1725-b.gif?v=1588749247,kg,,,
tru-spec-pants-bdu-shorts-stripe,,,,,,,,,TIGER STRIPE,,L,,,A-1725,0.0,shopify,50,deny,manual,4800,,true,true,,,,,,,,,,,,,,,,,,,,,https://cdn.shopify.com/s/files/1/0331/5282/7529/products/a-1725-b.gif?v=1588749247,kg,,,
tru-spec-pants-bdu-shorts-woodland,BDU ショートパンツ TRU-SPEC B.D.U. SHORTS 6 Pockets Plus 2,"",TRU-SPEC,,パンツ,"TRU-SPEC, Woodland Camo, ショートパンツ, トゥルースペック, パンツ",true,Color,WOODLAND CAMO,Size,S,,,A-1724,0.0,shopify,50,deny,manual,4500,,true,true,,https://cdn.shopify.com/s/files/1/0331/5282/7529/products/a-1724-b.gif?v=1588749251,1,,false,,,,,,,,,,,,,,,,https://cdn.shopify.com/s/files/1/0331/5282/7529/products/a-1724-b.gif?v=1588749251,kg,,,active
tru-spec-pants-bdu-shorts-woodland,,,,,,,,,WOODLAND CAMO,,M,,,A-1724,0.0,shopify,50,deny,manual,4500,,true,true,,,,,,,,,,,,,,,,,,,,,https://cdn.shopify.com/s/files/1/0331/5282/7529/products/a-1724-b.gif?v=1588749251,kg,,,
tru-spec-pants-bdu-shorts-woodland,,,,,,,,,WOODLAND CAMO,,L,,,A-1724,0.0,shopify,50,deny,manual,4500,,true,true,,,,,,,,,,,,,,,,,,,,,https://cdn.shopify.com/s/files/1/0331/5282/7529/products/a-1724-b.gif?v=1588749251,kg,,,
tru-spec-pants-bdu-shorts,BDU ショートパンツ TRU-SPEC B.D.U. SHORTS 6 Pockets Plus 2,"",TRU-SPEC,,パンツ,"Black, Khaki, O.D., TRU-SPEC, ショートパンツ, トゥルースペック, パンツ",true,Color,BLACK,Size,S,,,A-1723,0.0,shopify,50,deny,manual,4500,,true,true,,https://cdn.shopify.com/s/files/1/0331/5282/7529/products/a-1723-b.gif?v=1588749263,1,,false,,,,,,,,,,,,,,,,https://cdn.shopify.com/s/files/1/0331/5282/7529/products/a-1723-b.gif?v=1588749263,kg,,,active
tru-spec-pants-bdu-shorts,,,,,,,,,BLACK,,M,,,A-1723,0.0,shopify,50,deny,manual,4500,,true,true,,https://cdn.shopify.com/s/files/1/0331/5282/7529/products/a-1722-b.gif?v=1588749263,2,,,,,,,,,,,,,,,,,,https://cdn.shopify.com/s/files/1/0331/5282/7529/products/a-1723-b.gif?v=1588749263,kg,,,
tru-spec-pants-bdu-shorts,,,,,,,,,BLACK,,L,,,A-1723,0.0,shopify,50,deny,manual,4500,,true,true,,https://cdn.shopify.com/s/files/1/0331/5282/7529/products/a-1721-b1.gif?v=1588749263,3,,,,,,,,,,,,,,,,,,https://cdn.shopify.com/s/files/1/0331/5282/7529/products/a-1723-b.gif?v=1588749263,kg,,,
tru-spec-pants-bdu-shorts,,,,,,,,,O.D.,,S,,,A-1722,0.0,shopify,50,deny,manual,4500,,true,true,,,,,,,,,,,,,,,,,,,,,https://cdn.shopify.com/s/files/1/0331/5282/7529/products/a-1722-b.gif?v=1588749263,kg,,,
tru-spec-pants-bdu-shorts,,,,,,,,,O.D.,,M,,,A-1722,0.0,shopify,50,deny,manual,4500,,true,true,,,,,,,,,,,,,,,,,,,,,https://cdn.shopify.com/s/files/1/0331/5282/7529/products/a-1722-b.gif?v=1588749263,kg,,,
tru-spec-pants-bdu-shorts,,,,,,,,,O.D.,,L,,,A-1722,0.0,shopify,50,deny,manual,4500,,true,true,,,,,,,,,,,,,,,,,,,,,https://cdn.shopify.com/s/files/1/0331/5282/7529/products/a-1722-b.gif?v=1588749263,kg,,,
tru-spec-pants-bdu-shorts,,,,,,,,,KHAKI,,S,,,A-1721,0.0,shopify,50,deny,manual,4500,,true,true,,,,,,,,,,,,,,,,,,,,,https://cdn.shopify.com/s/files/1/0331/5282/7529/products/a-1721-b1.gif?v=1588749263,kg,,,
tru-spec-pants-bdu-shorts,,,,,,,,,KHAKI,,M,,,A-1721,0.0,shopify,50,deny,manual,4500,,true,true,,,,,,,,,,,,,,,,,,,,,https://cdn.shopify.com/s/files/1/0331/5282/7529/products/a-1721-b1.gif?v=1588749263,kg,,,
tru-spec-pants-bdu-shorts,,,,,,,,,KHAKI,,L,,,A-1721,0.0,shopify,50,deny,manual,4500,,true,true,,,,,,,,,,,,,,,,,,,,,https://cdn.shopify.com/s/files/1/0331/5282/7529/products/a-1721-b1.gif?v=1588749263,kg,,,
alpha-tshirt-apollo,ALPHA INDUSTRIES アルファ APOLLO Tシャツ NASA アポロ計画 (1961-1972),<p>綿100%  両面プリント</p>,ALPHA,,トップス/インナー,"ALPHA, Black, Gray, Tシャツ, アルファ, トップス/インナー",true,Color,BLACK,Size,M,,,AL-372,0.0,shopify,50,deny,manual,3900,,true,true,,https://cdn.shopify.com/s/files/1/0331/5282/7529/products/al-372-b1.gif?v=1588749274,1,,false,,,,,,,,,,,,,,,,https://cdn.shopify.com/s/files/1/0331/5282/7529/products/al-372-b1.gif?v=1588749274,kg,,,active
alpha-tshirt-apollo,,,,,,,,,BLACK,,L,,,AL-372,0.0,shopify,50,deny,manual,3900,,true,true,,https://cdn.shopify.com/s/files/1/0331/5282/7529/products/al-372-b2.gif?v=1588749274,2,,,,,,,,,,,,,,,,,,https://cdn.shopify.com/s/files/1/0331/5282/7529/products/al-372-b1.gif?v=1588749274,kg,,,
alpha-tshirt-apollo,,,,,,,,,GRAY,,M,,,AL-371,0.0,shopify,50,deny,manual,3900,,true,true,,https://cdn.shopify.com/s/files/1/0331/5282/7529/products/al-371-b1.gif?v=1588749274,3,,,,,,,,,,,,,,,,,,https://cdn.shopify.com/s/files/1/0331/5282/7529/products/al-371-b1.gif?v=1588749274,kg,,,
alpha-tshirt-apollo,,,,,,,,,GRAY,,L,,,AL-371,0.0,shopify,50,deny,manual,3900,,true,true,,https://cdn.shopify.com/s/files/1/0331/5282/7529/products/al-371-b2.gif?v=1588749274,4,,,,,,,,,,,,,,,,,,https://cdn.shopify.com/s/files/1/0331/5282/7529/products/al-371-b1.gif?v=1588749274,kg,,,
alpha-jacket-n3b,ALPHA アルファ TYPE N3B,"",ALPHA,,JACKETS,"ALPHA, BLACK, CHARCOAL GRAY, N-3B, SAGE GREEN, アルファ, フライトジャケット",true,Color,SAGE GREEN,Size,S,,,AL-55,0.0,shopify,50,deny,manual,26800,,true,true,,https://cdn.shopify.com/s/files/1/0331/5282/7529/products/al-55-b.gif?v=1588749386,1,,false,,,,,,,,,,,,,,,,https://cdn.shopify.com/s/files/1/0331/5282/7529/products/al-55-b.gif?v=1588749386,kg,,,active
alpha-jacket-n3b,,,,,,,,,SAGE GREEN,,M,,,AL-55,0.0,shopify,50,deny,manual,26800,,true,true,,https://cdn.shopify.com/s/files/1/0331/5282/7529/products/al-56-b.gif?v=1588749386,2,,,,,,,,,,,,,,,,,,https://cdn.shopify.com/s/files/1/0331/5282/7529/products/al-55-b.gif?v=1588749386,kg,,,
alpha-jacket-n3b,,,,,,,,,SAGE GREEN,,L,,,AL-55,0.0,shopify,50,deny,manual,26800,,true,true,,https://cdn.shopify.com/s/files/1/0331/5282/7529/products/al-57-b.gif?v=1588749386,3,,,,,,,,,,,,,,,,,,https://cdn.shopify.com/s/files/1/0331/5282/7529/products/al-55-b.gif?v=1588749386,kg,,,
alpha-jacket-n3b,,,,,,,,,CHARCOAL GRAY,,S,,,AL-56,0.0,shopify,50,deny,manual,26800,,true,true,,,,,,,,,,,,,,,,,,,,,https://cdn.shopify.com/s/files/1/0331/5282/7529/products/al-56-b.gif?v=1588749386,kg,,,
alpha-jacket-n3b,,,,,,,,,CHARCOAL GRAY,,M,,,AL-56,0.0,shopify,50,deny,manual,26800,,true,true,,,,,,,,,,,,,,,,,,,,,https://cdn.shopify.com/s/files/1/0331/5282/7529/products/al-56-b.gif?v=1588749386,kg,,,
alpha-jacket-n3b,,,,,,,,,CHARCOAL GRAY,,L,,,AL-56,0.0,shopify,50,deny,manual,26800,,true,true,,,,,,,,,,,,,,,,,,,,,https://cdn.shopify.com/s/files/1/0331/5282/7529/products/al-56-b.gif?v=1588749386,kg,,,
alpha-jacket-n3b,,,,,,,,,BLACK,,S,,,AL-57,0.0,shopify,50,deny,manual,26800,,true,true,,,,,,,,,,,,,,,,,,,,,https://cdn.shopify.com/s/files/1/0331/5282/7529/products/al-57-b.gif?v=1588749386,kg,,,
alpha-jacket-n3b,,,,,,,,,BLACK,,M,,,AL-57,0.0,shopify,50,deny,manual,26800,,true,true,,,,,,,,,,,,,,,,,,,,,https://cdn.shopify.com/s/files/1/0331/5282/7529/products/al-57-b.gif?v=1588749386,kg,,,
alpha-jacket-n3b,,,,,,,,,BLACK,,L,,,AL-57,0.0,shopify,50,deny,manual,26800,,true,true,,,,,,,,,,,,,,,,,,,,,https://cdn.shopify.com/s/files/1/0331/5282/7529/products/al-57-b.gif?v=1588749386,kg,,,
alpha-jacket-ma1,ALPHA TYPE MA-1,"",ALPHA,,フライトJACKETS,"alpha, BLACK, CHARCOAL GRAY, Dark Navy, ma-1, sage green, アルファ, フライトジャケット",true,Color,SAGE GREEN,Size,160cm=XS,,,AL-5,0.0,shopify,50,deny,manual,18800,,true,true,,https://cdn.shopify.com/s/files/1/0331/5282/7529/products/al-5-b1.gif?v=1588753936,1,,false,,,,,,,,,,,,,,,,https://cdn.shopify.com/s/files/1/0331/5282/7529/products/al-5-b1.gif?v=1588753936,kg,,,active
alpha-jacket-ma1,,,,,,,,,SAGE GREEN,,165cm=S,,,AL-5,0.0,shopify,50,deny,manual,18800,,true,true,,https://cdn.shopify.com/s/files/1/0331/5282/7529/products/al-5-b2.gif?v=1588753936,2,,,,,,,,,,,,,,,,,,https://cdn.shopify.com/s/files/1/0331/5282/7529/products/al-5-b1.gif?v=1588753936,kg,,,
alpha-jacket-ma1,,,,,,,,,SAGE GREEN,,170cm=M,,,AL-5,0.0,shopify,50,deny,manual,18800,,true,true,,https://cdn.shopify.com/s/files/1/0331/5282/7529/products/al-5-b3.gif?v=1588753936,3,,,,,,,,,,,,,,,,,,https://cdn.shopify.com/s/files/1/0331/5282/7529/products/al-5-b1.gif?v=1588753936,kg,,,
alpha-jacket-ma1,,,,,,,,,DARK NAVY,,160cm=XS,,,AL-9,0.0,shopify,50,deny,manual,18800,,true,true,,https://cdn.shopify.com/s/files/1/0331/5282/7529/products/al-7-b.gif?v=1588753936,4,,,,,,,,,,,,,,,,,,https://cdn.shopify.com/s/files/1/0331/5282/7529/products/al-9-b.gif?v=1588753946,kg,,,
alpha-jacket-ma1,,,,,,,,,DARK NAVY,,165cm=S,,,AL-9,0.0,shopify,50,deny,manual,18800,,true,true,,https://cdn.shopify.com/s/files/1/0331/5282/7529/products/al-8-b.gif?v=1588753936,5,,,,,,,,,,,,,,,,,,https://cdn.shopify.com/s/files/1/0331/5282/7529/products/al-9-b.gif?v=1588753946,kg,,,
alpha-jacket-ma1,,,,,,,,,DARK NAVY,,170cm=M,,,AL-9,0.0,shopify,50,deny,manual,18800,,true,true,,https://cdn.shopify.com/s/files/1/0331/5282/7529/products/al-9-b.gif?v=1588753946,6,,,,,,,,,,,,,,,,,,https://cdn.shopify.com/s/files/1/0331/5282/7529/products/al-9-b.gif?v=1588753946,kg,,,
alpha-jacket-ma1,,,,,,,,,BLACK,,160cm=XS,,,AL-7,0.0,shopify,50,deny,manual,18800,,true,true,,,,,,,,,,,,,,,,,,,,,https://cdn.shopify.com/s/files/1/0331/5282/7529/products/al-7-b.gif?v=1588753936,kg,,,
alpha-jacket-ma1,,,,,,,,,BLACK,,165cm=S,,,AL-7,0.0,shopify,50,deny,manual,18800,,true,true,,,,,,,,,,,,,,,,,,,,,https://cdn.shopify.com/s/files/1/0331/5282/7529/products/al-7-b.gif?v=1588753936,kg,,,
alpha-jacket-ma1,,,,,,,,,BLACK,,170cm=M,,,AL-7,0.0,shopify,50,deny,manual,18800,,true,true,,,,,,,,,,,,,,,,,,,,,https://cdn.shopify.com/s/files/1/0331/5282/7529/products/al-7-b.gif?v=1588753936,kg,,,
alpha-jacket-ma1,,,,,,,,,CHARCOAL GRAY,,160cm=XS,,,AL-8,0.0,shopify,50,deny,manual,18800,,true,true,,,,,,,,,,,,,,,,,,,,,https://cdn.shopify.com/s/files/1/0331/5282/7529/products/al-8-b.gif?v=1588753936,kg,,,
alpha-jacket-ma1,,,,,,,,,CHARCOAL GRAY,,165cm=S,,,AL-8,0.0,shopify,50,deny,manual,18800,,true,true,,,,,,,,,,,,,,,,,,,,,https://cdn.shopify.com/s/files/1/0331/5282/7529/products/al-8-b.gif?v=1588753936,kg,,,
alpha-jacket-ma1,,,,,,,,,CHARCOAL GRAY,,170cm=M,,,AL-8,0.0,shopify,50,deny,manual,18800,,true,true,,,,,,,,,,,,,,,,,,,,,https://cdn.shopify.com/s/files/1/0331/5282/7529/products/al-8-b.gif?v=1588753936,kg,,,
alpha-jacket-ma1apollo,ALPHA INDUSTRIES TYPE MA-1 TIGHT APOLLO NASAアポロ計画 パッチ仕様,"",ALPHA,,フライトJACKETS,"ALPHA, APOLLO, MA-1, NAVY, SILVER, アルファ, フライトジャケット",true,Color,SILVER,Size,S,,,AL-366,0.0,shopify,50,deny,manual,26800,,true,true,,https://cdn.shopify.com/s/files/1/0331/5282/7529/products/al-366-b2.gif?v=1588749529,1,,false,,,,,,,,,,,,,,,,https://cdn.shopify.com/s/files/1/0331/5282/7529/products/al-366-b2.gif?v=1588749529,kg,,,active
alpha-jacket-ma1apollo,,,,,,,,,SILVER,,M,,,AL-366,0.0,shopify,50,deny,manual,26800,,true,true,,https://cdn.shopify.com/s/files/1/0331/5282/7529/products/al-367-b1.gif?v=1588749529,2,,,,,,,,,,,,,,,,,,https://cdn.shopify.com/s/files/1/0331/5282/7529/products/al-366-b2.gif?v=1588749529,kg,,,
alpha-jacket-ma1apollo,,,,,,,,,SILVER,,L,,,AL-366,0.0,shopify,50,deny,manual,26800,,true,true,,https://cdn.shopify.com/s/files/1/0331/5282/7529/products/al-367-b2.gif?v=1588749529,3,,,,,,,,,,,,,,,,,,https://cdn.shopify.com/s/files/1/0331/5282/7529/products/al-366-b2.gif?v=1588749529,kg,,,
alpha-jacket-ma1apollo,,,,,,,,,NAVY,,S,,,AL-367,0.0,shopify,50,deny,manual,26800,,true,true,,,,,,,,,,,,,,,,,,,,,https://cdn.shopify.com/s/files/1/0331/5282/7529/products/al-367-b1.gif?v=1588749529,kg,,,
alpha-jacket-ma1apollo,,,,,,,,,NAVY,,M,,,AL-367,0.0,shopify,50,deny,manual,26800,,true,true,,,,,,,,,,,,,,,,,,,,,https://cdn.shopify.com/s/files/1/0331/5282/7529/products/al-367-b1.gif?v=1588749529,kg,,,
alpha-jacket-ma1apollo,,,,,,,,,NAVY,,L,,,AL-367,0.0,shopify,50,deny,manual,26800,,true,true,,,,,,,,,,,,,,,,,,,,,https://cdn.shopify.com/s/files/1/0331/5282/7529/products/al-367-b1.gif?v=1588749529,kg,,,
bdu-tru-spec-bdushorts-6pocketsplus2,BDU TRU-SPEC B.D.U. SHORTS 6 Pockets Plus 2,<p>コットン：100%</p>,TRU-SPEC,,TRU-SPEC,"6 Pockets Plus 2, B.D.U. SHORTS, BDU ショートパンツ, BDUパンツ, TRU-SPEC, パンツ, 夏のオススメ商品",true,Color,KHAKI,Size,S,,,A-1721,0.0,shopify,50,deny,manual,4500,,true,true,,https://cdn.shopify.com/s/files/1/0331/5282/7529/products/a-1721-b1_d692f021-c526-47bf-b493-5495874529f3.gif?v=1588749654,1,,false,,コットン：100%,,,,,,,,,,,,,,https://cdn.shopify.com/s/files/1/0331/5282/7529/products/a-1721-b1_d692f021-c526-47bf-b493-5495874529f3.gif?v=1588749654,kg,,,active
bdu-tru-spec-bdushorts-6pocketsplus2,,,,,,,,,KHAKI,,M,,,A-1721,0.0,shopify,50,deny,manual,4500,,true,true,,https://cdn.shopify.com/s/files/1/0331/5282/7529/products/a-1722-b_70b174c2-7315-438a-ae4b-4dd00a201400.gif?v=1588749654,2,,,,,,,,,,,,,,,,,,https://cdn.shopify.com/s/files/1/0331/5282/7529/products/a-1721-b1_d692f021-c526-47bf-b493-5495874529f3.gif?v=1588749654,kg,,,
bdu-tru-spec-bdushorts-6pocketsplus2,,,,,,,,,KHAKI,,L,,,A-1721,0.0,shopify,50,deny,manual,4500,,true,true,,https://cdn.shopify.com/s/files/1/0331/5282/7529/products/a-1723-b_07594780-311e-45a5-ad4b-2811833597b8.gif?v=1588749654,3,,,,,,,,,,,,,,,,,,https://cdn.shopify.com/s/files/1/0331/5282/7529/products/a-1721-b1_d692f021-c526-47bf-b493-5495874529f3.gif?v=1588749654,kg,,,
bdu-tru-spec-bdushorts-6pocketsplus2,,,,,,,,,O.D.,,S,,,A-1722,0.0,shopify,50,deny,manual,4500,,true,true,,https://cdn.shopify.com/s/files/1/0331/5282/7529/products/a-1724-b_94babedc-5d16-4e15-90c2-b451862388b4.gif?v=1588749654,4,,,,,,,,,,,,,,,,,,https://cdn.shopify.com/s/files/1/0331/5282/7529/products/a-1722-b_70b174c2-7315-438a-ae4b-4dd00a201400.gif?v=1588749654,kg,,,
bdu-tru-spec-bdushorts-6pocketsplus2,,,,,,,,,O.D.,,M,,,A-1722,0.0,shopify,50,deny,manual,4500,,true,true,,,,,,,,,,,,,,,,,,,,,https://cdn.shopify.com/s/files/1/0331/5282/7529/products/a-1722-b_70b174c2-7315-438a-ae4b-4dd00a201400.gif?v=1588749654,kg,,,
bdu-tru-spec-bdushorts-6pocketsplus2,,,,,,,,,O.D.,,L,,,A-1722,0.0,shopify,50,deny,manual,4500,,true,true,,,,,,,,,,,,,,,,,,,,,https://cdn.shopify.com/s/files/1/0331/5282/7529/products/a-1722-b_70b174c2-7315-438a-ae4b-4dd00a201400.gif?v=1588749654,kg,,,
bdu-tru-spec-bdushorts-6pocketsplus2,,,,,,,,,BLACK,,S,,,A-1723,0.0,shopify,50,deny,manual,4500,,true,true,,,,,,,,,,,,,,,,,,,,,https://cdn.shopify.com/s/files/1/0331/5282/7529/products/a-1723-b_07594780-311e-45a5-ad4b-2811833597b8.gif?v=1588749654,kg,,,
bdu-tru-spec-bdushorts-6pocketsplus2,,,,,,,,,BLACK,,M,,,A-1723,0.0,shopify,50,deny,manual,4500,,true,true,,,,,,,,,,,,,,,,,,,,,https://cdn.shopify.com/s/files/1/0331/5282/7529/products/a-1723-b_07594780-311e-45a5-ad4b-2811833597b8.gif?v=1588749654,kg,,,
bdu-tru-spec-bdushorts-6pocketsplus2,,,,,,,,,BLACK,,L,,,A-1723,0.0,shopify,50,deny,manual,4500,,true,true,,,,,,,,,,,,,,,,,,,,,https://cdn.shopify.com/s/files/1/0331/5282/7529/products/a-1723-b_07594780-311e-45a5-ad4b-2811833597b8.gif?v=1588749654,kg,,,
bdu-tru-spec-bdushorts-6pocketsplus2,,,,,,,,,WOODLAND CAMO,,S,,,A-1724,0.0,shopify,50,deny,manual,4500,,true,true,,,,,,,,,,,,,,,,,,,,,https://cdn.shopify.com/s/files/1/0331/5282/7529/products/a-1724-b_94babedc-5d16-4e15-90c2-b451862388b4.gif?v=1588749654,kg,,,
bdu-tru-spec-bdushorts-6pocketsplus2,,,,,,,,,WOODLAND CAMO,,M,,,A-1724,0.0,shopify,50,deny,manual,4500,,true,true,,,,,,,,,,,,,,,,,,,,,https://cdn.shopify.com/s/files/1/0331/5282/7529/products/a-1724-b_94babedc-5d16-4e15-90c2-b451862388b4.gif?v=1588749654,kg,,,
bdu-tru-spec-bdushorts-6pocketsplus2,,,,,,,,,WOODLAND CAMO,,L,,,A-1724,0.0,shopify,50,deny,manual,4500,,true,true,,,,,,,,,,,,,,,,,,,,,https://cdn.shopify.com/s/files/1/0331/5282/7529/products/a-1724-b_94babedc-5d16-4e15-90c2-b451862388b4.gif?v=1588749654,kg,,,
jtech-c9adjustable-slingpack,C9 ADJUSTABLE SLING PACK,<p>Main Pouch/横=25cm/高さ=19cm/幅=11cm/Front Pouch/横=23cm/高さ=16cm/容量5.2L重量0.32kg/YKKバックル止水ジッパー/背面クッションポケット付</p>,J-TECH,,J-TECH,"C9 ADJUSTABLE, J-TECH, SLING PACK, ショルダーバッグ, ジェイテック, バック, 夏のオススメ商品",true,Color,MULTICAM,,,,,JT-230-MC,0.0,shopify,50,deny,manual,5900,,true,true,,https://cdn.shopify.com/s/files/1/0331/5282/7529/products/jt-230-mc-b1.gif?v=1588749683,1,,false,,Main Pouch/横=25cm/高さ=19cm/幅=11cm/Front Pouch/横=23cm/高さ=16cm/容量5.2L重量0.32kg/YKKバックル止水ジッパー/背面クッションポケット付,,,,,,,,,,,,,,https://cdn.shopify.com/s/files/1/0331/5282/7529/products/jt-230-mc-b1.gif?v=1588749683,kg,,,active
jtech-c9adjustable-slingpack,,,,,,,,,BLACK,,,,,JT-230-BK,0.0,shopify,50,deny,manual,5400,,true,true,,https://cdn.shopify.com/s/files/1/0331/5282/7529/products/jt-230-bk-b1.gif?v=1588749683,2,,,,,,,,,,,,,,,,,,https://cdn.shopify.com/s/files/1/0331/5282/7529/products/jt-230-bk-b1.gif?v=1588749683,kg,,,
jtech-c9adjustable-slingpack,,,,,,,,,COYOTE BROWN,,,,,JT-230-CB,0.0,shopify,50,deny,manual,5400,,true,true,,https://cdn.shopify.com/s/files/1/0331/5282/7529/products/jt-230-cb-b1.gif?v=1588749683,3,,,,,,,,,,,,,,,,,,https://cdn.shopify.com/s/files/1/0331/5282/7529/products/jt-230-cb-b1.gif?v=1588749683,kg,,,
jtech-c9adjustable-slingpack,,,,,,,,,TIGER STRIPE,,,,,JT-230-VT,0.0,shopify,50,deny,manual,5400,,true,true,,https://cdn.shopify.com/s/files/1/0331/5282/7529/products/jt-230-vt-b1.gif?v=1588749683,4,,,,,,,,,,,,,,,,,,https://cdn.shopify.com/s/files/1/0331/5282/7529/products/jt-230-vt-b1.gif?v=1588749683,kg,,,
naturalgear-activehunterjacket-sc2green,ACTIVE HUNTER JACKET アクティブ ハンタージャケット,<p>ポリエステル100% 2Way ストレッチニット フリースライニング ジッパーサイドポケット ジッパーチェストポケット</p>,NATURAL GEAR,,アウター,"Natural, NATURAL GEAR, アウター, アウターその他, ナチュラルギア",true,Color,Natural,Size,S,,,NR-563-SC,0.0,shopify,50,deny,manual,0,,true,true,,https://cdn.shopify.com/s/files/1/0331/5282/7529/products/nr-563-sc-b1.gif?v=1588999289,1,,false,,,,,,,,,,,,,,,,https://cdn.shopify.com/s/files/1/0331/5282/7529/products/nr-563-sc-b1.gif?v=1588999289,kg,,,active
naturalgear-activehunterjacket-sc2green,,,,,,,,,Natural,,M,,,NR-563-SC,0.0,shopify,50,deny,manual,0,,true,true,,,,,,,,,,,,,,,,,,,,,https://cdn.shopify.com/s/files/1/0331/5282/7529/products/nr-563-sc-b1.gif?v=1588999289,kg,,,
naturalgear-activehunterjacket-sc2green,,,,,,,,,Natural,,L,,,NR-563-SC,0.0,shopify,50,deny,manual,0,,true,true,,,,,,,,,,,,,,,,,,,,,https://cdn.shopify.com/s/files/1/0331/5282/7529/products/nr-563-sc-b1.gif?v=1588999289,kg,,,
ba-4170-bates-rallyforce-tall-zip-dryguard-black,BA-4170 BATES RALLYFORCE TALL ZIP DRYGuard BLACK,"<meta charset=""utf-8"">
<p data-mce-fragment=""1""><span size=""2"" class=""text-size2"" style=""font-size: small;"" data-mce-fragment=""1"">※ 通常BATES社のブーツより1cm小さく出来ていますので、購入の際には上記サイズを参考にしていください。</span></p>
<table border=""0"" align=""left"" cellpadding=""3"" cellspacing=""0"" bgcolor=""#005599"" data-mce-fragment=""1"" bordercolor=""#FFFFFF"">
<tbody data-mce-fragment=""1"">
<tr align=""center"" data-mce-fragment=""1"">
<td align=""center"" data-mce-fragment=""1""><span size=""2"" color=""#990000"" style=""color: #990000; font-size: small;"" data-mce-fragment=""1""><b data-mce-fragment=""1""><span color=""#FFFFFF"" style=""color: #ffffff;"" data-mce-fragment=""1"">通気性防水</span></b></span></td>
</tr>
</tbody>
</table>
<p data-mce-fragment=""1""><span size=""2"" style=""font-size: small;"" data-mce-fragment=""1""><br data-mce-fragment=""1""><br data-mce-fragment=""1""></span><br data-mce-fragment=""1""><span class=""text-size2"" data-mce-fragment=""1"">RallyForce（ラリーフォース）は、Michelin®社のオールテレーンタイヤ（全地形タイヤ）LTXに使用される耐摩耗性に優れたゴム素材とトレッドパターンをアウトソールに取り入れ、ショック吸収に優れた軽量EVAミッドソール、反発に優れたPUインソール、アッパーには通常の革の10倍の摩擦強度を持つTec Tuff（テックタフ）レザー・高通気メッシュを組み合わせ、BATE（ベイツ）がプロフェッショナルの要望に応えるべくデザインした意欲作です。</span><br data-mce-fragment=""1""></p>
<p class=""text-size2"" data-mce-fragment=""1"">• ミシュラン社独自のオールテレイン（全地形対応）ラバーを使用したアウトソール<br data-mce-fragment=""1"">• 耐摩耗に優れたTecTuff leather（テックタフレザー） をアッパーに使用<br data-mce-fragment=""1"">• 通気性に優れたメッシュをアッパーとタンに使用<br data-mce-fragment=""1"">• 軽量で、衝撃吸収にすぐれたEVAミッドソール<br data-mce-fragment=""1"">• 高反発PUインソール<br data-mce-fragment=""1"">• 踵からつま先にかけての11mmの傾斜によるアスレティックシューズポジション<br data-mce-fragment=""1"">• 軽量で丈夫な TPU素材の補強<br data-mce-fragment=""1"">• アウトソールのつま先部分を補強したスティッチ<br data-mce-fragment=""1"">• 非金属素材のみを使用• くるぶしのホールドを向上させるシューレースポジション<br data-mce-fragment=""1"">• ダブルニードルスティッチを使用したアッパーの縫製<br data-mce-fragment=""1"">• 透湿防水素材 DRYGuard®使用</p>",中田商店,,"","",false,Title,Default Title,,,,,"",0.0,shopify,0,deny,manual,0,,true,true,"",https://cdn.shopify.com/s/files/1/0331/5282/7529/products/ba-4170-b2.gif?v=1645861469,1,,false,,,,,,,,,,,,,,,,,kg,,,draft
